지역,분류1,카테고리,숙박업소명,주소,좌표(x),좌표(y),전화번호,홈페이지Url,객실정보,상세내용,이미지1
천안,stay,관광호텔,천안센트럴관광호텔,충남 천안시 서북구 성정공원5로 64 센트럴호텔,36.827538,127.141055,041-564-9100,http://www.cheonanhotel.com/,"총 객실 60(스탠다드 24, 디럭스 12, 스위트 24)","천안센트럴관광호텔은 천안시 소재(관광1급) 호텔로서 비지니스 고객 및 tour 고객등 저희 호텔을 찾아주시는 
모든 분들께 최상의 서비스를 제공하고자 최선을 다하고 있습니다.
아늑하고 ""넓은 객실"" 다양한 "" 편의시설"" 세련된 서비스, 다양한 ""비즈니스시설""을 갖추고 있으며 
고객 여러분께 최고의 만족과 기쁨을 주도록 항상 노력하고 있습니다.

앞으로도 저희 모든 임직원 일동은 천안 최고의 관광호텔로서 거듭 태어나고자 더욱 최선의 노력을 다할것이며 다양한 서비스의 개선으로 고객여러분의 행복과 기쁨을 증대시키도록 노력해 나갈것을 약속드립니다. 

호텔을 직접 방문해 주시는 고객 뿐 아니라 인터넷 홈페이지를 방문해 주시는 한 분 한 분 역시 모두 
저희 천안센트럴관광호텔의 소중한 고객이라 생각하며 앞으로도 천안센트럴관광호텔은 전직원이 
하나가 되어 고객만족 1위의 호텔로 항상 고객 한 분 한 분께 최고의 만족과 감동을 드릴 수 있도록 최선을 다하겠으며 ""고객을 통하여 만들어지는 고객지향형 호텔"" 로의 이상적인 미래를 지향하면서 끊임없이 노력해 나아갈 것을 약속드리겠습니다.",1.jpg
천안,stay,관광호텔,천안메트로관광호텔,충남 천안시 동남구 대흥로 241-11,36.8105149,127.147932,041-622-8211~2,http://천안호텔.한국/ko/index.php,"총 객실 50(스탠다드 32, 디럭스 15, 스위트 3)","METRO HOTEL은 천안의 중심지인 천안역에 위치하여 천안호텔의 중심,
편리한 교통의 핵심이 되겠다는 의미의 METRO로 문을 열었습니다.
편리한 교통과 최고의 서비스로 비즈니스는 물론, 일반고객에 이르기까지 내집과 같은 편안함과 안락함을 드리기 위해 항상 시작할때의 마음가짐으로 고객의 작은 목소리 하나하나를 기억하는 METRO HOTEL이 되겠습니다.",
천안,stay,가족호텔,천안상록리조트 상록호텔,충남 천안시 수신면 수신로 576,36.7402961,127.288728,"041-560-9000, 9114",https://www.sangnokresort.co.kr/,"총 객실 100(특실 2, 양실 18, 가족실 28, 한실 52)","500명 이상 투숙 가능한 포근하고 아늑한 휴식처 상록호텔, 자연의 품 안에 안기는 편안함이 있습니다.상록호텔은 내 집 같은 편안함과 고객 한분 한분을 배려하는 세심한 서비스가 있는 휴식처로서 저렴한 가격으로 아늑한 객실과 함께
 최고의 서비스를 경험할 수 있는 시설입니다.",3.jpg
천안,stay,콘도/리조트,테딘패밀리리조트,충남 천안시 동남구 성남면 종합휴양지로 200,36.7569258,127.223646,041-906-7000,https://www.tedin.co.kr/,,"테딘패밀리리조트. 4만 6,000m²(14,100평) 규모의 리조트 안에 설계된 총면적 3만 3,058㎡(10,000평)의 초대형 워터파크는 중부권 최대 규모로 10종이 넘는 슬라이드 시설이 들어서 규모나 시설면에서 대한민국 어디와 비교해도 손색이 없다. 

또한 동화 속 주인공을 테딘으로 표현한 콘도미니엄의 캐릭터 컨셉룸은 기존 리조트에서는 찾아볼 수 없는 이색적 재미 요소를 선사한다.

휴러클 리조트의 워터파크는 자체 개발한 고급스러운 테딘인 ‘테딘패밀리’를 기본 컨셉으로 설계한 국내 최초 캐릭터 워터파크다. 로마, 스페인, 베니스 등 유럽의 7개 나라 유명 건축물과 유적지를 배경으로 워터파크 공간을 구성했다. 

스페인 타워(슬라이드 타워), 핀란드 산타마을(푸드코트), 밀려오는 파도와 함께하는 파도풀 무대, 이탈리아 베네치아(메인브릿지), 노르웨이 바이킹(MLPS), 그리스 산토리니 이아마을(아쿠아바), 이탈리아 로마 신전(노천탕)은 또 하나의 작은 유럽을 만난 듯한 즐거움을 안겨준다.

물놀이 시설로는 국내 최초 거대한 해일을 타는 듯 짜릿한 스릴을 느낄 수 있는 쓰나미 슬라이드, 튜브 옥토퍼스 레이서를 도입했다. 국내 최장 업힐 슬라이드 도입은 물론, 튜브 뒤로 몰아치는 거대한 파도로 아쿠아 여행을 즐기는 급류 유수풀(와일드익스트림리버)은 371m이라는 국내 최장 길이이다

백설공주, 피터팬, 헨젤과 그레텔이 된 테딘 이야기가 유럽풍 컨셉룸으로 펼쳐진다. 동화 속 나라로 걸어가는 듯한 착각이 드는 복도, 테딘패밀리 스토리룸, 5060 세대를 위한 테마룸 등 유쾌하고 신비한 캐릭터 컨셉룸은 가족,친구, 연인 등의 특별한 이벤트 장소로도 최고이다.
",4.jpg
천안,stay,콘도/리조트,천안상록리조트,충남 천안시 동남구 수신면 수신로 576,36.7402961,127.288728,"041-560-9000, 9114",https://www.sangnokresort.co.kr/,총 객실 251,"500명 이상 투숙 가능한 포근하고 아늑한 휴식처 상록호텔, 자연의 품 안에 안기는 편안함이 있습니다.상록호텔은 내 집 같은 편안함과 고객 한분 한분을 배려하는 세심한 서비스가 있는 휴식처로서 저렴한 가격으로 아늑한 객실과 함께
 최고의 서비스를 경험할 수 있는 시설입니다. ",5.jpg
천안,stay,굿스테이,쉘부르호텔,충남 천안시 서북구 봉정로 277 ,36.8266759,127.144466,041-561-3838,http://www.cherhotel.com/ko/,"스탠다드룸(7만원), 디럭스룸(8만원), VIP룸(9만원)","쉘부르 비즈니스 호텔은 충청남도 천안시 성정동에 위치한 지역 최고의 비즈니스 호텔입니다.
비즈니스 여행객을 위한 다양한 무료 서비스와 최신 설비로, 단기투숙은 물론 장기투숙시에도 아무 불편함 없이 이용하실 수 있습니다. 품격있는 서비스와 경제적인 가격, 우수한 입지조건을 바탕으로 방문 목적과 상관없이 최고의 만족감을 드립니다.",
천안,stay,굿스테이,E천안호텔,충남 천안시 서북구 양지21길 42,36.8124075,127.140248,041-592-0000,http://www.cheonanhotel.kr/,"스탠다드룸(12만원), 디럭스룸(17만원), VIP룸(23만원)","첨단산업단지와 최첨단 비즈니스 인프라를 갖춘 천안의 중심에 위치한 E천안호텔은 천안역에 근접하여 매우 편리한 교통과 최고의 시스템이 갖춰진 고품격 비즈니스 호텔입니다.

편안함을 선사할 안락하고, 세련된 객실과 연회장, 휘트니스센터, 커피숍, 비즈니스센터와 레스토랑 등의 부대시설을 갖추고 있는 E천안호텔은 비즈니스 고객을 위한 특성과 편의에 맞춘 시설 및 서비스, 그리고 합리적인 요금을 제공함으로써, 비즈니스 호텔의 가치를 창조하는데 최선을 다하고 있습니다.

특이함보다는 평범함에서 특별한 서비스를 찾아 E천안호텔만의 최상의 서비스를 창조하고, 고객님께 내 집 같은 편안함을 느낄수 있도록 새로운 휴식문화를 열어가겠습니다.",7.jpg
천안,stay,굿스테이,렉스호텔,충남 천안시 서북구 양지8길 10-4,36.8106959,127.139752,041-578-7617,http://www.rexhotel.co.kr/,"싱글(6만원), 스탠다드(7만원), 디럭스(8만원), 트윈(10만원)","렉스호텔은 천안 서부역 방향으로 도보 5분에 위치한 저희 렉스호텔은 비즈니스 장,단기 손님들과 가족, 여행고객분들이 많이 이용하는 모던하고, 편안함을 추구하는 호텔입니다. 

호텔에 투숙하시는 고객님들의 만족과 감동을 드릴 수 있는 최상의 서비스를 제공하도록 렉스호텔의 전 직원들은 최선을 다하겠습니다.",
공주,stay,관광호텔,금강관광호텔,충남 공주시 전막2길 16-11,36.4704207,127.131033,041-852-1071,http://www.hotel-kumkang.com/,"총 객실 48(스탠다드 17, 디럭스 28, 스위트 3)","푸른 자연이 숨쉬는 고장 공주시에 자리잡은 금강호텔은 아름다운 주변관광 속에 둘러 쌓인 쾌적하고 편안한 관광호텔로 세련된 실내디자인 뿐 아니라 편안하고 안락한 분위기를 자랑하고 있습니다.
항상 최고의 서비스와 최선을 다하며, 온돌/침실/트윈룸 등이 있고 고급 레스토랑, 오락실등 가족,연인들과 함께 즐길 수 있는 시설이 갖추어져 있습니다.
주로 외국인들이 많이 찾는 숙박업소이기도 하며, 깨끗한 시설과 아늑함으로 편안하게 지낼 수 있는 시설을 갖추고 있습니다.",
공주,stay,굿스테이,동학산장,충남 공주시 반포면 동학사1로 266-4,36.3592957,127.23832,042-825-4301,http://www.dhsanjang.co.kr/,"2인실(3개), 4인실(10개), 5인실(10개), 6인실(4개), 12인실(6개)","수도권을 비롯한 전국 어디에서나 2시간 전후에 도착할 수 있는 편리한 교통 여건속에서 가족고객께는 단란하고 아늑한 휴식공간을 제공해 드리고 단체고객 여러분의 기업체 연수, 워크숍, 학회, 연구소 등의 세미나, MT나 OT, 친목모임 등의 개최에서 규모나 예산에 맞는 다양한 이벤트에 최상의 조건에 맞추어 진행해 드릴 수 있는 최적의 장소입니다.
특히 호텔동학산장은 굿스테이(우수숙박시설) 지정업체로써, 한국관광공사가 6개월에 한번씩 표준화된 시설 및 숙박서비스, 철저한 정액요금제 실시, 청결과 위생상태 등의 운영실태를 조사 점검하여 국내외 여행객이 안심하고 머물수 있는 편안한 쉼터가 되도록 철저히 관리, 감독하는 우수 숙박업소의 대명사입니다.",10.jpg
공주,stay,한옥스테이,공주한옥마을,충남 공주시 관광단지길 12 ,36.4643416,127.109189,041-840-8900~6,http://hanok.gongju.go.kr/,"고마관(8동),나루관(3동),웅진관(5동),백제관(8동),무릉관(5동),도원관(8동)","전통과 현대가 공존하는 어울림의 미학이 있는 공주한옥마을.
'현대인의 새로운 문화를 전통으로 연결, 그 가치를 높여주는 아름다운 마을'에서 소중한 인연, 잊지 못할 추억을 남겨보세요.

공주한옥마을은 한국 전통난방으로 구들장 체험이 가능한 시설로 설계되었고, 친환경 건축양식인 소나무·삼나무 집성재 사용, 도시·현대인들이 머무는데 편리하도록 설계된 신 한옥으로, 가족여행, 수학여행, 기관·단체의 워크숍 등 관광과 휴양으로 아주
훌륭한 곳입니다.

그리고 공주한옥마을에 오시면 백제문화를 체험으로 배울 수 있는 전통문화체험이 기다리고 있습니다. 한옥마을 곳곳에
 휴식공간과 한옥마을 둘레길을 걸어도 좋고, 무인자전거를 빌려타고 작은도시·옛도시(古都) 문화유적을 만나셔도 좋습니다. ",11.jpg
보령,stay,관광호텔,호텔머드린,충남 보령시 해수욕장8길 28,36.3140192,126.511904,041-934-1111,http://www.mudrin.com/,"총 객실 100(스탠다드 38, 디럭스 29, 스위트 9, 한실 24)","호텔 머드린은 객실을 포함한 호텔의 모든 구역에 인터넷과 WiFi를 무료로 제공하고 있으며, 가족과 오붓한 식사가 가능한 '아라'레스토랑, 연인과 와인을 즐길수 있는 '더블루', 단체노래방'린가' 등을 통해 더 많은 고객들께 가까이 다가서고자 노력하고 있습니다.

또한, 세계적인 휴양지로 거듭나는 서해안 관광벨트 핵심위치에 있는 대천 해수욕장은 도양 최대규모로 연간 1400만명의 관광객이 찾고 있으며 매년 7월이면 열리는 보령 머드축제는 국내뿐만아니라 국제적으로 인지도가 높아 세계적 휴양지로 알려지고 있으며, 향후 연간 2000여 만명의 관광객이 찾게 될 지역으로 늘어나는 관광객 수요에 맞추어 양질의 편의시설을 제공하고자 합니다.",12.jpg
보령,stay,관광호텔,JFK대천워터파크호텔,충남 보령시 대해로 876,36.3069359,126.51854,041-930-2000,http://club-master.co.kr/,"총 객실 174(스탠다드 111, 디럭스 56, 스위트 8)","대천 해수욕장에 위치한 대천 워터파크 호텔은 4,200여 평 부지 위에  자리잡은 국내 최초의 비치형 워터파크로, 천혜의 자연환경을 자랑하는 아름다운 해변과 워터파크의 다이나믹한 즐거움이 함께합니다.  
  
또한 바다가 조망되는 호텔과 격조 높은 연회장 그리고 싱싱한 식자재를  바탕으로 한식음시설 및 연중 열리는 크고 작은 이벤트까지 자연과 인간, 건강과 문화가 한데 어우러져 사계절 종합 휴양지로서 국내 새로운 해양레저문화에 앞장서고 있습니다. 
  
일상의 스트레스를 벗고 오감을 만족하는 여유와 리플레쉬, 이 모든 것을 대천 워터파크 호텔에서 경험해 보십시오.  

가족 단위의 휴식처로서, 해양스포츠의 메카로서 연간 1천 5백만 명 이상이 방문하는 서해안 최대의 휴양지 대천해수욕장. 그곳에 자리잡은 대천 워터파크 호텔은 국내 최초 바다 옆에 위치한 비치형 워터파크입니다. 
아름다운 해변에서 즐기는 해수욕뿐 아니라 액티브한 어트랙션이 가득한 신나는 워터파크까지 이제 원스톱으로 다양한 해양문화를 즐겨보십시오. ",13.jpg
보령,stay,콘도/리조트,한화리조트 대천파로스,충남 보령시 해수욕장3길 11-10,36.3049671,126.519721,041-931-5500,http://www.hanwharesort.co.kr/,총 객실 305,"아름다운 저녁 노을과 대천해수욕장의 풍경이 어우러진 서해안 최초의 리조트, 한화리조트 대천 파로스 입니다. ",14.jpg
보령,stay,콘도/리조트,비체팰리스,충남 보령시 웅천읍 열린바다1길 78,36.239273,126.531493,041-939-5757,http://www.beachepalace.co.kr/,총 객실 236,"빛과 생명이 살아있는 해양리조트 비체팰리스는 서해안에서 가장 아름답고 고즈넉한 곳입니다.
만리포와 대천, 무창포로 이어지는 서해안에서 그 누구도 쉽게 발견하지 못했던 진주같은 휴양지입니다. 푸른 빛이 넘실대는 바다와 생명이 살아 숨쉬는 갯벌, 바닷길이 갈라지는 놀라운 기적까지 무창포 비체팰리스에서라면 모두 즐길 수 있습니다.",15.jpg
보령,stay,콘도/리조트,대천리조트 웨스토피아,충남 보령시 옥마벚길 10,36.334128,126.616375,041-939-3600,http://www.westopia.co.kr/,총 객실 100,"대천리조트는 고품격 골프장과 콘도, 레일바이크 시설을 조성하고 고객감동 서비스를 통해 서해안을 대표하는 가족형 리조트로서의 인지도를 높여나가고 있습니다.",16.jpg
보령,stay,펜션,바다사랑,충남 보령시 대천항1길 67-30 ,36.3242083,126.504602,041-932-8555,http://www.sealover.kr/ ,"럭셔리룸 8개실, 디럭스룸 6개실, 캠핑카 3개","아름다운 펜션 아름다운 휴식....

그리스 산토리니를 품은 대천 바다사랑 펜션 홈페이지에 오신 것을 환영합니다.

대천 바다사랑 펜션은 아름다운 대천 해수욕장과 대천항이 한눈에 보이는 바닷가 언덕위에 자리 잡은 통나무 펜션으로서 MBC 러브하우스의 이창하 디자이너가 리모델링한 서해안의 명소입니다.

연인이 포옹하고 있는 형상의 아름다운 건축구조, 지중해 및 젠 스타일의 인테리어와 넓은 마당, 탁트인 바다, 서해안 최고의 전망은 아름다운 자연경관과 어우러져 서해바다의 낭만과 여행의 정취를 더해 줄 것입니다.

아름다운 휴식과 남다른 추억을 선사하는 관광펜션 바다사랑으로 당신을 초대합니다.",17.jpg
보령,stay,펜션,고향펜션,충남 보령시 머드로 166,36.3189001,126.508889,041-934-1455,http://www.ghminbak.com/,"커플룸(침대방), 가족실(4,5,6인실), 단체실(12,20,25인실)","고향관광펜션은 서해안고속도로 보령IC 대천해수욕장 방향에서 자동차로 약 5분 소요되는 거리의 대천해수욕장내 분수광장쪽에 위치하고 있으며 백사장과의 거리는 도보로 1분거리이며 대천항 수산물시장까지 자동차로 3분거리에 있어 저렴한 가격으로 생선회는 물론 어패류를 구입하실 수 있습니다.
건물구조는 연 3층으로서 소형원룸 4인실, 대형원룸 15인실, 투룸 12인실 침대방 등으로 구성되어 있으며, 바베큐장 6인탁자 4개도 무료로 이용하실 수 있습니다.",18.jpg
보령,stay,펜션,준펜션,충남 보령시 해수욕장13길 11-1,36.3205682,126.509101,070-8806-4114,http://www.joonpension.com/,"침대실(원룸형), 4인실(원룸형), 5인실(원룸형), 7인실(투룸형), 9인용(투룸형), 대형실, 복층실","사랑하는 사람들과의 아름다운 추억을 대천해수욕장 준펜션이 만들어 드립니다.
일렁이는 파도와 조개껍질로 이루어진 해변은 소중한 추억에 설레임을 더합니다.

나무한그루 한그루, 벽돌 하나하나에 세심한 정성이 보이는 준펜션은 공간 하나하나에 정성을 담아 손님들이 편하게 쉴 수 있도록 세심하게 준비하였습니다.

기억을 소중히 간직하며, 그것이 가장 행복임을 느끼는 저와 함께 추억을 만드실 분들을 기거이 초대합니다.",
보령,stay,펜션,해날펜션,충남 보령시 해수욕장9길 1,36.315828,126.511291,041-933-3261,http://www.041-933-3261.kti114.net/idx.htm,,"대천해수욕장 입구 펜션, 보령커플펜션, 보령 MT, 가족펜션!

내집가이 편안한 휴식처로 느낄 수 있는 해날펜션은 취사시설과 샤워실, 주차시설등 부대시설이 완벽히 갖추어져 있습니다.
각종 단체 관광객, 커플, 회식모임 등 손님한분한분께 정성을 다하여 만족시켜드리기 위한 노력을 다하겠습니다.
좋은 사람과의 좋은 만남, 맛있는 식사와 함께 맑은 공기속에서 편안히 쉬시면서 삶의 여유를 찾아가시기 바랍니다.",20.jpg
보령,stay,펜션,제일펜션,충남 보령시 해수욕장9길 6,36.3160896,126.511357,041-932-0649,http://www.thefirstpension.com/,"복층, 투룸, 침대객실, 온돌객실","제일펜션은 서해의 아름다운 바다를 중심으로 이뤄진 천혜의 자연테마를 기반으로 아름다운 시설과 편안함을 갖춘 펜션입니다.

사랑하는 연인/가족과 함께 멋진 추억 여행을 떠나고 싶은 분들을 위해 제일펜션이 소중한 추억 오래오래 간직하실 수 있도록 도와드리겠습니다.
풍부한 즐길거리가 자라인 보령시의 명물, 대천해수욕장~
서해안 고속도로의 개통으로 더욱더 가까워진 대천해수욕장은 오감을 자극하는 다양한 먹거리와 즐길거리가 있는 곳입니다.",
보령,stay,펜션,블루비치,충남 보령시 머드로 130,36.3176084,126.525924,041-931-5259,http://www.bbeachpension.com/,"소형객실, 중형침대, 중형온돌, 대형객실, 복층객실, 투룸B, 투룸A","파란바다를 바라보며 아름답고 소중한 추억을 만들어 드리는 블루비치펜션은 고객 한분한분에게 정성을 다해 모십니다.
다양한 객실이 마련되어 있어 가족,연인은 물로 단체관광객도 충분히 지낼수 있는 넓은 객실로 여러분의 취향에 좀 더 가까이 다가갈수 있습니다.
추억이 그리운분, 일상에서 벗어나 마음껏 자유를 느끼고자 하는 분은 블루비치펜션에서 마음가득 바다를 담아가시기 바랍니다.",22.jpg
보령,stay,펜션,아도니스,충남 보령시 머드로 134,36.313402,126.512944,041-932-0018,http://www.adonispension.com/,"침대하나, 침대두울, 소형객실, 중형객실, 투룸객실","특별한 추억을 남기고 싶으신분들에게 아도니스가 추억을 더해드립니다.
좀더 특별한 경험을, 좀더 새로운 추억을 만들고 싶으신 여러분을 위해 편안한 잠자리를 제공해 드립니다.
고객의 입장에서 배려하는 아도니스가 되며, 항상 내집같은 편안함으로 정성을 다하도록 하겠습니다.",23.jpg
보령,stay,펜션,썬샤인관광펜션,충남 보령시 해수욕장13길 14-18,36.319622,126.509677,010-7174-6346,http://www.dcsunshine.com/,"커플룸, 4/5/7/10인실(원룸), 7/15/30인실(복층)","푸른바다를 바라보며 아름답고 소중한 추억을 만들어 드리는 썬펜션은 깨끗한 자연환경이 그대로 남아있는 보령 대천해수욕장에 위치한 펜션입니다.

추억이 그리운분, 일상에서 벗어나 마음꺼 자유를 느끼고자 하시는분은 썬펜션을 찾아 마음가득 바다를 담아가시기 바랍니다.

객실은 커플침대, 복층객실, 대형객실등 다양하게 준비되어 있어서 가족단위는 물론 단체,모임 관광객들도 편안하게 묵으실 수 있습니다.",24.jpg
보령,stay,펜션,해피데이 펜션,충남 보령시 머드로 127,36.3176084,126.525924,041-931-0095,http://www.happydaypension.com/,"커플객실, 소형객실, 중형객실, 복층객실","대천해수욕장에 위치한 해피데이 펜션은 머드광장에 위치한 바다가 보이는 펜션입니다.
평범한 일상에서 벗어나고 싶으신 분들…
지루한 생활에서 일탈을 꿈구시는 분들을 초대합니다.

대천해수욕장의 낙조를 바라보고, 해변을 걸으며 연인,가족들과 즐거운 추억을 쌓으실 수 있습니다.",
보령,stay,펜션,햇빛바다 관광펜션,충남 보령시 오천면 원산도리 7길 121,36.359974,126.4572,041-936-4277,http://www.sunshinecv.com/sunshinecvh/intro.html,"커플룸(4개실), 가족룸(10개실), 단체룸(복층형 1개실)","서해안에 위치한 원산도..
병풍처럼 둘러쌓인 오봉산과 눈부신 백사장이 아름다운 해수욕장...

푸른바다 내음과 푸른 해송이 전하는 햇빗바다관광펜션입니다.

팬션 뒤, 해발 약 200m의 오봉산에는 20여만평의 울창한 소나무 숲이 조성되어 있어 싱그러운 솔향기를 따라 산책과 함께 등산 및 산림욕을 즐기실 수 있고, 고운 모래와 깨끗한 수질, 완만한 경사, 알맞은 수온을 자랑하는 오봉해수욕장이 펜션 바로 앞에 있어 누구나 부담없이 해수욕을 즐기실 수 있습니다. 

또한, 갯바위 어디서나 놀래미, 우럭, 살감성돔 등 각종 어류를 잡을 수 있고, 인근 바다에서는 계절별로 선상낚시를 즐기실 수 있습니다. 조개, 낙지잡이 등 초보자는 물론 어린이들까지도 재밌게 갯벌체험을 하실 수 있으며 한폭의 수채화처럼 펼쳐지는 아름다운 석양은 낭만적인 데이트코스로 좋습니다. 

천혜의 자연을 갖춘 햇빛바다관광펜션에서 좋은 추억을 많이 남기세요.",26.jpg
보령,stay,펜션,펜션 좋은집,충남 보령시 성주면 심원계곡로 374,36.3487415,126.679155,041-933-0615,http://www.brpension.com/,"별관원룸, 본관원룸, 쓰리룸","보령 성주산자연휴양림에 자리잡은 '물좋은집'은 계곡옆에 위차하고 있어 시원한 계곡을 같이 즐길수 있으며, 피톤치드가 나오는 목조펜션으로 산장에서 휴식하는 색다른 기분을 만끽할 수 있습니다.
펜션 주변 계곡옆에 평상이 설치되어 있어 평상과 계곡물놀이를 같이 이용할 수 있는, 가족들이 휴가를 즐기기에 더없이 좋은 펜션입니다.
또한 펜션주변에 대천해수욕장 20분, 무창포해수욕장 25분 거리에 위치하고 있는 산과 바다를 같이 즐길 수 있는 휴양지입니다.",
보령,stay,펜션,대천올레펜션,충남 보령시 고잠2길 16-11,36.3119824,126.516293,010-3657-4654,http://www.ollehpension.kr/,"2인온돌, 4인온돌, 복층침대, 월풀침대, 투룸","낙조가 아름다운 곳, 서해의 대표해수욕장 올레펜션은 머드축제가 열리는 머드광장과 야경이 아름다운 시민탑광장의 중심에 위치하고 있으며, 객실에 월풀욕조가 있어 새로운 느낌을 느낄수 있는 펜션입니다.
가족,친구,연인고 함께 아름다운 추억을 만들고, 도심에서 벗어나 자유로움을 만끽하실 수 있으며, 노을을 보며 일상에서 벗어난 여유로움도 한껏 느끼시기 바랍니다.",28.jpg
보령,stay,펜션,대천초록펜션,충남 보령시 고잠2길 20-6,36.311999,126.515948,010-2271-3426,http://www.chorokpension.kr/,"2인온돌, 4인온돌, 복층침대, 월풀침대, 투룸","낙조가 아름다운 곳, 서해의 대표해수욕장 올레펜션은 머드축제가 열리는 머드광장과 야경이 아름다운 시민탑광장의 중심에 위치하고 있으며, 객실에 월풀욕조가 있어 새로운 느낌을 느낄수 있는 펜션입니다.
가족,친구,연인고 함께 아름다운 추억을 만들고, 도심에서 벗어나 자유로움을 만끽하실 수 있으며, 노을을 보며 일상에서 벗어난 여유로움도 한껏 느끼시기 바랍니다.",29.jpg
보령,stay,펜션,그린펜션,충남 보령시 해수욕장13길 15,36.320597,126.509524,041-933-4744,http://www.greenpension.co.kr/,"소형객실, 대형객실, 투룸객실","대천해수욕장 분수광장 구역에 위치하고 있는 최신식 완전펜션형 민박인 그린펜션은 건물앞에 서면 대천해수욕장 앞바다가 보이고 분수광장에서 펼쳐지는 화려한 분수쇼를 감상하실수 있습니다.
바비큐그늘막 시설에서 고기와 조개를 구워 먹으며 바닷가여행에서 맛 볼 수 있는 또 다른 즐거움을 느낄수 있습니다.
대천항이 2~3분거리에 있어 싱싱한 해산물을 저렴하게 구입하여 직접요리 할 수도 있으며, 갯벌체험장 또한 5분거리내에 있어 단체나 가족단위의 손님들께서도 특별한 체험여행을 하실 수 있습니다.",30.jpg
보령,stay,펜션,대천로마펜션,충남 보령시 해수욕장13길 14-12,36.3198761,126.50954,041-932-0421,http://www.lomapension.com/,"소형객실(침대,온돌), 중형객실(원룸온돌), 중대형객실(원룸온돌), 대형룸, 투룸","하얀구름 그리고 파란바다와 파도, 멋진추억을 함께 하실수 있는 대천 로마펜션은 친구들, 연인, 가족, 직장워크샵, 단체MT 등 모든유형의 고객분들을 불편함없이 쉬고 가실 수 있도록 객실에서 부터 모든 편의시설이 준비되어 있습니다.
다양한 먹거리와 볼거리가 있는 서해안의 명소 대천해수욕장에서 잊지못할 추억을 듬뿍 담아가시기 바랍니다.",31.jpg
보령,stay,펜션,햇살콘도식펜션,충남 보령시 머드로 176-18,36.3193145,126.508842,041-932-1910,http://www.sunshinepension.com/,"침대객실, 일반객실(원룸,투룸), 중형객식(원룸,투룸)","뜨거운 더위를 피해 시원한 바닷바람과 바닷속으로 들어가면 어느덧 파란 바람내음이 담기는 그곳!
대펀해수욕장에 자리잡은 햇살펜션에서 지친 몸과 마음에 에너지를 불어넣어보세요.
머드축제와 짚트랙등 다양한 레포츠도 할 수 있으며, 해가 저무는 낙조를 바라보며 해변가를 걷는 기분도 대천해수욕장에서 느낄수 있습니다.",
보령,stay,펜션,미래펜션,충남 보령시 해수욕장13길 14-16,36.3197592,126.509608,041-931-7441,http://www.miraecondo.com/,"소형(4인 이하), 중형(7인 이하), 대형(15인 이하)","여행의 또다른 즐거움인 바비큐파티와 욕실,샤워실,화장실등 다양한 편의시설이 가춰져 있는 미래펜션에서 아름다운 추억을 담아가시기 바랍니다.",33.jpg
보령,stay,펜션,나노펜션,충남 보령시 해수욕장13길 14-26,36.3193007,126.509878,010-6424-2432,http://www.nanopension.co.kr/,"대형룸, 투룸 5개. 7인실, 4인실, 침대룸",대천해수욕장 분수광장에 위치한 ,34.jpg
보령,stay,펜션,대천놀러와펜션,충남 보령시 고잠2길 16-10,36.31173,126.516283,010-3603-2876,http://www.daecheonplay.com/,2인침대 4인온돌 6인온돌 10인복층 2층독채 3층독채 풀빌라 주변전경,"때론 우리는 현실의 무거운 짐을 내려놓고 어디론가 떠나고 싶을 때가 있습니다.
앞뒤가 딱 막힌 이 답답한 도시속에서 확트인 바다를 생각하며 현실의 일탈을 꿈꾸기도 합니다. 
빵빵거리는 차소리대신 새의 지저귐과 파도소리를 듣고 숨막히는 공기 대신 피통치드의 효과를 느낄 수 있는
숲의 향기와 함께 호흡하면 좋겠습니다.

자유라는 말이 참으로 잘 어울리는 당신을 초대합니다.
혼자라도 상관없고 함께여도 좋습니다.
 함께 만들어갈 아름다운 추억을 꿈꾸며 놀러와 펜션입니다",35.jpg
보령,stay,펜션,대천즐겨찾기,충남 보령시 고잠2길 16-6,36.3116754,126.51615,010-6413-3803,http://www.fvpension.com/,"6인 투룸, 6인 원룸 4인 원룸, 2인침대  2인용","낙조가 아름다운 대천 해수욕장 즐겨찾기 펜션입니다.
저희 즐겨찾기 펜션은 모던하고 세련된 감각의 인테리어로 보다 격조 있는
서비스로 고객을 맞이할것입니다.

객실마다 마련된 개별바비큐시설과 품위 있는 시설의
저희 펜션에서 아름다운 추억을 만들어 가시기 바랍니다.

아름다운 해변의 낙조와 편안한 분위기의 즐겨찾기는
지친 몸과 마음에 힐링이 되어드립니다.

저희 즐겨찾기 펜션에서 좋은 추억 만들어 가시기 바랍니다.
즐겨찾기 펜션은 항상 기억에 남을
여행을 위해 최선을 다하는 펜션이 될것입니다.",36.jpg
보령,stay,펜션,수지펜션,충남 보령시 해수욕장9길 2-7,36.3162079,126.511623,041-931-0500,http://www.대천수지펜션.kr/,"투룸.(온돌 침대), 온돌방. 침대방.복층형","반복되는 하루!
또 다른 휴식을 취하고플때 여행을 떠나보세요.
대천수지펜션에서 소중한 마음으로 초대합니다!

저희 대천수지펜션은 깨끗하고 편안한 펜션으로 많은 분들이 자주 찾아주시는
대천에 위치해 있습니다.

밝고 깔끔한 인테리어로 사랑하는 사람들과 놀러 왔을 때 추억을 두배로 만들어 드리는 대천수지펜션은 언제나 찾아와주시는 모든 분들을 위해 친철함으로 모시겠습니다.",37.jpg
보령,stay,펜션,대천에코펜션,충남 보령시 고잠2길 16-17,36.3121006,126.516559,041-927-7000,http://www.ecopension.kr/,"소형침대, 중형온돌, 중형침대, 투룸","창문을 열면 다가오는 푸른 소나무에서 전해오는 상큼한
솔향기에 정신이 맑아지고 일상에 지친 몸과 마음이 힐링됩니다.

세계인의 축제인 보령머드축제가 개최되는 대천해수욕장 해변에서 도보로 3분 거리에
위치하고 있으며 대천해수욕장 유일의 소나무공원이 바로 옆에 있어 시원한 바다와 푸르른
자연을 함께 즐길 수 있습니다.

또 공원에는 족구와 축구 등 스포츠를 즐길 수 있는 공간이 마련되어 있습니다. 대학생MT, 교회수련회,
회사 야유회 등 단체에서 레크레이션 등 다양한 행사를 할 수 있는 공간도 있습니다.
인터넷 모바일 시대에 발 맞추어 전객실에서 WIFI 이용 가능하도록 서비스를 제공해 드리고 있습니다.
다양한 유형의 손님들을 맞이하기 위하여 커플에서 투룸까지 다양한 객실이 준비되어 있습니다.

바쁜 일과 스트레스로 지쳐있는 몸과 마음을 에코펜션에서 힐링하세요!!",38.jpg
보령,stay,펜션,대천허브펜션,충남 보령시 고잠2길 20-7,36.3122424,126.515968,041-932-5379,http://www.daecheonhub.com/,"침대객실, 4인실 ,6인실,대형객실,투룸객실,옥탑객실","대천 허브펜션입니다.
허브향 가득한 정원을 걷는 기분좋은 느낌…
저희 허브펜션에서는 그런 향기 가득한 추억을 만들어 드립니다.
대천해수욕장에 위치한 저희 허브펜션은 해변에서 1-2분거리에 위치하고 있어 몇발자국만 나가면 시원한 바다가 여러분을 반기고 있습니다.
두근거리는 마음으로 여러분을 기다립니다.
아름다운 추억과 향기가득한 허브펜션입니다.",39.jpg
보령,stay,펜션,마마펜션,충남 보령시 고잠2길 16-3,36.3118096,126.515893,041-934-8188,http://www.mamapension.com/,"침대객실,소형온돌,중형온돌,투룸침대,투룸온돌","대천해수욕장에서 도보로 3분 거리에 위치하고 있으며
세계인의 축제인 ""보령머드축제""가 열리는 머드광장에서도 도보로 2분의 거리에 있습니다.

모든 객실 규모에서 내부 시설까지 오랫 동안 대천해수욕장에서 펜션을 운영해온 사장님들의 경험을 바탕으로 만들었습니다.

객실 전층에 WiFi가 설치되어 있어 쾌적한 무선인터넷을 즐기실 수 있습니다.
항상 우리들 가슴 속에 담겨 있는 어머니의 마음으로 고객 여러분을 모시겠습니다.
대천해수욕장에서 아름답고 추억을 만들어 가도록 최서을 다하겠습니다.",40.jpg
보령,stay,굿스테이,호텔뷰,충남 보령시 천북면 홍보로 1061-175,36.5034661,126.483378,041-641-7890,http://www.hotel-view.co.kr/,"원룸 커플방 7개,원룸 패밀리방 2개 온돌방 1개, vip방 3개","푸른 바다와 안면도가 저 멀리 보이는 언덕 위 펜션&호텔뷰는 가까이에
굴구이 단지가 있어 연인,친구 등과 함께 서해바다와 자연의 맛을 느낄 수 있는 곳,

객실 어디에서나 창밖으로 탁 트인 바다를 볼 수 있어 해외의 어느 곳에 와 있는 듯한
느낌을 갖을 수 있는 가족형 펜션&호텔 입니다.
또한 부대시설로 호텔 내에 수영장과 세미나실 야외 바비큐파티장 등을 갖추어
단체, 가족 연인이 아름다운 추억을 그리고 바다가 보이는 카페와 노래방 식당이
단지내 위치해 있어 손님께 더욱 편리하고 편안한 여행을 하시기에 더없는 곳입니다.

친구,연인,직장동료에게 나만의 장소를 자랑하고 싶은 여러분께 감히 추천합니다.
조용히 쉬고싶은 가족,연인,직장인들의 세미나까지 저희 펜션&호텔뷰에 오시면
차를 타고 다니실 필요 없이 모든걸 즐길수 있는 곳입니다",
보령,stay,굿스테이,JI호텔,충남 보령시 해수욕장10길 20,36.3163172,126.509718,041-934-8484,http://www.jihotel.co.kr/,"일반실(7평형), 특실(10평형) vip(스위트,로얄)","저희 제이아이 호텔은 대한민국에서 바다와 가장 인접한 곳에 위치한 호텔이며
대천이 연출하는 아름다운 자연경관을 창밖으로 바로 볼 수 있습니다.

여러 부대 시설과, 보령의 아름다운 자연경관, 국내외로 유명한 관광지가 어울려
최고의 휴식을 선사할 제이아이 호텔입니다",42.jpg
아산,stay,관광호텔,㈜온양관광호텔,충남 아산시 온천대로 1459,36.7831034,126.99968,041-540-1000,https://www.onyanghotel.co.kr/,"총 객실 111(스탠다드 111, 디럭스56, 스위트 8)","1300년 역사와 전통을 간직한 저희 온양관광호텔을 방문해 주셔서 대단히 감사드립니다.
백제시대부터 이어져온 온천은 조선시대 왕실온천의 명소가 되어 이곳에 행궁을 짓고 집무
를 보고 온천휴양을 하였으며 1970~80년대는 최고의 신혼여행지였습니다.

""한번 고객은 영원한 고객"" 이라는 슬로건 아래 최상의 서비스로 모시고자 온양관광호텔
임직원 모두는 늘 준비하고 최선을 다하고 있습니다.

온양관광호텔은 앞으로도 지속적인 변화와 혁신을 통하여 차별화된 고객 서비스를 제공하고
다양한 고객참여 프로그램을 개발하여 고객과 함께하고 지역사회발전에 공헌하는 기업으로
나아갈 것을 약속드립니다.",43.jpg
아산,stay,관광호텔,온양그랜드관광호텔,충남 아산시 충무로 20번길 7 ,36.7837251,127.006245,041-543-9711,http://www.grand-hotel.co.kr/,"총 객실 151(스탠다드 151, 디럭스 7, 스위트 10, 한실 16)","저희 호텔은 국내에서 가장 오래된 온양온천지역에 위치하고 있으며,
백제,통일신라시대를 거쳐 그 역사가 근 1300여 년이 되는 것으로
기록된 곳으로 특히 조선시대에는 세종대왕,세조,현종,숙종,명종,
영조,정조 등 여러 임금께서 온궁을 짓고 휴양차 머물고 돌아간 다수의
기록과 유적들이 남아 있으며, 온천에 임행하여 과거를 보게하여
인재를 발굴하였던 기록이 남아 있는 역사적인 곳이기도 합니다.

왕실 온천의 역사와 더불어 충청 최대규모의 천안,아산 산업기지
인접지역에 150개의 객실과 각종 최고급 부대시설을 가지고 있는
중부권 유일한 상용(商用) 호텔로서, 비즈니스와 휴양이 겸비된
특급호텔입니다.

객실은 인터넷 등의 편의를 ONE-STOP system으로 제공하는 등 비즈니스에 적합하며,SPA 개념을 도입한 관광휴양객의 기호에도 맞는 다양한
형태로 구성,제공되고 있으며, 한식당,양식당,BAR 등 최고급 전문식당과, 동시에 500여명의 Dineer Party가 가능한 초대형 연회장 그리고
1000여대를 수용할 수 있는 주차장이 겸비된 최신식 웨딩홀이 준비되어 있습니다.

온양그랜드호텔은 고객을 [고객의 댁(宅)과 같은] 서비스를 목표로, 편안하게 모시는 것이 지상과제입니다.

이제 이곳에 오시면 성공적인 비즈니스와 역사의 숨결이 간직된 온천휴양 환경 속에서 고객을 진정 피부에 와 닿는 서비스로,최고의 음식과 함께
건강이 숨쉬는, 환상 아닌 현실속의 온양그랜드호텔임을 실감하게 되실 것입니다.",44.jpg
아산,stay,관광호텔,온양제일호텔,충남 아산시 온천대로 1462번지,36.7820941,126.999523,041-547-2500,http://www.cheilhotel.co.kr/,"총 객실 142(스탠다드 92, 디럭스 29, 스위트 21)","온양온천은 국내에서 가장 오래된 그 역사가 1300여년이 되는
마니타온을 함유한 아듐 온천이며 수온이 58℃(도)내외로 고열온천입니다.

온양온천은 수질이 좋고 수량이 풍부해서 신경통,관절염,피부염,위장병,
고혈압 등 각종 성인병과 피부미용에도 효과가 매우 크다 합니다.

저희는 고객을 위한 최고의 서비스 창조라는 경영이념아래 고유의 서비스
철학과 차별화된 시설 및 상품을 여러분께 제공하며 동시에 온양제일만의
독특하고 새로운 상품과 서비스를 더해 고객 여러분께
색다르고 놀라운 만족의 경험을 제공하도록 끊임없는 노력을 다 할 것입니다.

또한 앞으로 온양제일호텔에서 마련되는 다양한 행사와
프로그램 정보는 물론 고객이 필요로 하는 정보와 서비스로 더 큰 즐거움과
만족을 드립니다",45.jpg
아산,stay,관광호텔,W HOTEL,충남 아산시 충무로20번길 14,36.7819499,127.006009,041-532-8970,,"총 객실 52(스탠다드 31, 디럭스 16, 스위트 4, 한실 1)",,46.jpg
아산,stay,관광호텔,헤링턴관광호텔,충남 아산시 온천대로 1442,36.7824005,126.998235,,http://www.hthotel.co.kr/,"총 객실 62(스탠다드 32, 디럭스 16, 스위트 4, 한실 10)","저희 헤링턴 호텔은 사통팔달의 편리한 역세권 교통, 아산시에 위치한 고 품격 비즈니스 관광호텔입니다. 전 객실 광속 인터넷과 다양한
부대시설을 갖추고 있으며 고객님의 편의를 위해 저희 모든 종사원이 최선을 다 할 것 입니다.

The herington Hotel is within easy reach of most tourist attractions and business addresses in Chungnam. All 52 at 
property offers well0furnished rooms and attentive service. The setup-class facilities are complemented to exceellent
services to meet the needs of visitors to Chungnam!

",47.jpg
아산,stay,콘도/리조트,도고글로리콘도,충남 아산시 도고면 도고온천로 124-23,36.7652175,126.889214,041-541-7100,http://www.glory.co.kr/,총 객실 213,"귓가에 철썩이는 파도소리와 밤바다의 환상적인 정취를 느낄 수 있는 해운대글로리콘도는 총244실 규모로 1984년에 개관하였으며.
하얀포말이 부서지는 바다와 광활한 백사장이 눈앞에 펼쳐지는 해안의 낭만이 있는 해운대 한가운데에 위치하여 해운대해수욕장,오륙도,동백섬이 객실에서 한눈에 들어오고,제트스키,요트 보드세일링등 각종 수상스포츠의 낙원으로 바닷가의 정취를 맘껏 느낄수 있는 곳입니다.
푸른 바다와 광활한 백사장이 손에 잡힐듯 내려다 보이는 객실을 비롯하여 퀘적하고 아늑한 분위기의 각종 부대시설과 고온 천연라돈
온천사우나,루프가든등 최신설비의 편리한 위락시설, 그리고 각종 세미나와 약혼식,결혼식등 다양한 행사를 개최할 수 있는데,소연회장을
갖추고 있어 교육과 휴식을 함께할 수 있는 미래형 커뮤니티 센터로의 도약을 목표로 하고 있으며, 고객들에게 내집같은 편안함을 느낄 수 있도록 최상의 서비스를 제공합니다",48.jpg
아산,stay,콘도/리조트,한국콘도 도고,충남 아산시 선장면 도고온천로 178,36.7646819,126.885149,041-534-8101,http://www.coreacondo.com/,총 객실 107,"도고글로리콘도는 총220실 규모로 1992년에 개관하였으며,천연온천으로 유명한 도고온천에 위치하여 창밖으로 펼쳐지는 도고산 자락과
드넓은 평원을 배경으로 자연을 벗삼아 호연지기를 기를수 있는 곳입니다.
서해안 고속도로 개통으로 한층 더 편리해진 교통과 인근의 현충사, 독립기념관, 수덕사, 천주교 성지등의 다양한 관광명소로 최상의 관광권을
형성하고 있으며, 가족단위의 갯벌체험과 서해유일의 해뜨는 마을 왜목, 철새들의 보금자리인 천수만과 대호만에 인접하여
다양한 현장체험을 만끽할 수 있습니다.
도고글로리콘도는 각종 학술단체 및 비즈니스 모임등 연수교육에 필요한 다양한 크기의 회의장을 갖추고 있어 기업체 연수나 각종 세미나를
개최하여 관광,휴양 레포츠가 함께하는 학술세미나의 새로운 전당으로 자리 매김하고 있습니다. 풍요로운 생활의 여유가 펼쳐지는
도고글로리콘도에서 자연을 벗삼아 고객들에게 소중한 추억을 안겨드릴 수 있도록 최상의 서비스를 제공하고 있습니다.",49.jpg
아산,stay,콘도/리조트,도고토비스콘도미니엄,충남 아산시 도고면 기곡로77번길 39,36.7586323,126.881978,1599-7508,http://www.tovicecondo.com/SrcWeb/Minium/Dogo01.aspx,총 객실 85,,50.jpg
아산,stay,콘도/리조트,도고토비스콘도미니엄,충남 아산시 도고면 기곡로62번길 6-8,36.7611615,126.888111,1599-7508,http://www.tovicecondo.com/SrcWeb/Minium/chain06.aspx,총 객실 117,,51.jpg
아산,stay,굿스테이,리베라미니호텔,충남 아산시 음봉면 아산온천로 243번길 123,36.8540102,126.985124,041-543-0567~8,http://www.asanrivera.kr/,"일반실(2인), 특실(2인), 한실(3인),VIP(2인)","""아산스파비스, 한국관광공사 굿스테이, 한국철도여행 관광공사, 제휴 및 우수 숙박 지정업소"" 
저희 리베라는 현대적이고 클래식한 분위기의 인테리어로 다시 태어났습니다. 전 직원은 친절 그리고 객실 청결을 원칙으로 고객님께 서비스하고 있습니다.

특징:
전 객실에 저희가 자랑하는 게르마늄 알카리 온천물을 제공하여 고객님의 보양, 건강을 돕고 있습니다.

전 객실에 스팀사우나, 월풀, 대형월풀 설치

다양한 객실, 특별한 고객을 위한 스위트룸, 특실, 일반실 한실과 양실을 준비하고 있습니다. 모든 객실은 타
숙박업소와 차별을 위하여 넓은 객실을 갖추고 있습니다.

광 케이블 인터넷은 물론 노트북을 소지하신 고객을 위하여 광케이블이 따로 설치 되어있습니다.

올레(Qook)TV가 설치되어 무제한 영화와 드라마 스포츠를 대형TV를 통하여 즐기실 수 있습니다.

저희 리베라는 (지하 주차장)과 (1층 주차장) 그리고 (후문 주차장)이 마련되어 여러분의 주차편의를 제공합니다.
또한 로비에는 미얀마에서 어떤 첨가물도 가미하지 않고 직접 볶아온 원두 커피를 맛 보실 수 있습니다.",52.jpg
아산,stay,굿스테이,팜스프링호텔,충남 아산시 음봉면 아산온천로 157번길 7-99,36.8560283,126.982645,041-543-0188,http://www.hotelpalmspring.com/,"일반실, 디럭스룸(1)2인용, 디럭스룸(2)4인용, 4인한실, 5인한실, 7인한실, 15평콘도텔, 30평 콘도","저희 팜스프링호텔은 충남 아산온천 관광단지 내 동양 최대의 종합 테마온천장 아산 스파비스 바로 옆에 위치해 있으며 가족과 비즈니스 출장고객을 위해서 최적의 IT 환경을 갖춘 호텔로 문화관광부 산하 한국관광공사에서 믿을 수 있고 저렴한 우수 숙박업소로 인증한 Good Stay 호텔입니다.

저희 팜스프링의 콘도를 포함한 모든 객실에는 천연 온천수를 공급하며 초고속 유, 무선 인터넷 시스템이 설치되어 있어서 노트북으로 손님이 원하는 정보를 신속하게 얻을 수 있습니다.

 

객실안의 가구는 물론 집기들이나 침구들은 최상의 품질로 구비되어 있으며, 항상 깨끗하고 청결하게 손님들을 모시고 있습니다.


만족한 서비스를 위해서 항상 최고가 되도록 노력하고 있습니다.",53.jpg
아산,stay,굿스테이,아이엔지모텔,충남 아산시 충무로8번길 17,36.7817426,127.006233,041-542-3313,http://blog.naver.com/viz31,,,54.jpg
아산,stay,한옥스테이,외암마을,충남 아산시 송악면 외암민속길 42-7,36.7299275,127.018007,041-541-0848,http://www.oeammaul.co.kr/,"민박(독채),(농가)","외암마을은 예안이씨 중심으로 구성된 마을이다
마을 앞쪽으로 넓은 농경지를 두고, 뒤로는 산이 병풍처럼 막아주는 사이의
구릉지에 자리잡고 있다.

이 마을이 처음에는 넓은 농경지로 인해 자연발생적인듯 하나 조선 중기에
이르러 예인이씨가 이 마을에 들어오면서 인물이 나타나자 점차 예안이씨
후손들이 번성하여 집성마을로 바뀌게 되었던 것이다.",55.jpg
아산,stay,한옥스테이,풍덕고택,충남 아산시 송악면 외암민속길 20-17,36.7295312,127.016429,041-541-0023,http://www.pungduck.co.kr/,한옥민박 (4~10인용),이 마을에는 집집마다 택호(집에 붙여진 이름)가 붙여진다. 과거 벼슬이나 위대한 학문적 성과를 이룬 인물이 많이 배출되었기 때문이다. 이기원 종부가 살고있는 종가의 택호는 ‘풍덕댁’이다. 7대조가 황해도 풍덕군 군수로 지냈던 것에서 풍덕이라는 택호가 유래한 것이다. 과거 황해도에서 마을을 이루고 살았던 예안 이씨 집성촌은 14대조가 마을을 이곳으로 옮기면서 지금의 터에 자리잡게 됐다.,56.jpg
서산,stay,콘도/리조트,윈체스트 w1,충남 서산시 대산읍 삼길포7로 6,36.9866374,126.447153,041-689-7800,,총 객실 115,,57.jpg
서산,stay,펜션,하늘빛으로 물든 새,충남 서산시 부석면 원적참새골길 139,36.651187,126.379492,010-5382-1862,http://birdpension.com/,숲새방(12평) 물새방(10평)들새방(10평) 바다새방(8평),"펜션 ""하늘빛으로 믈든새""는 수많은 철새들이 찾아드는 서산 천수만에 있습니다
서산 천수만은 사계절내내 새들의 노랫소리가
끊이지 않는 국내 최대의 철새 도래지입니다
또한 간월도, 남당리, 안명도 등 볼거리와 먹거리가 공존하는 여행지와 가까이 있습니다

아침 창문을 열어 발코니에 서보세요. 엷은 안개너머 기러기들이 무리비행하는 모습을 볼 수 있습니다
숲속에 나가면 작은 산새친구들이 동행한
가족, 친구, 연인의 대화를 방해할지도 모릅니다

해 드는 오후엔 버드카페에서 커피를 마시며
사람 사는 얘기는 잠시 제쳐두고 자연의 소리에 귀 기울여 보세요

해질무렵엔 간월암과 도비산에서 낙조를 즐기는
것도 좋지만, 펜션 발코니에 서서 키작은 산들의
스카이라인이 빚어내는 풍경을 보는 것도 좋습니다
""하늘빛으로 물든새""는 다른 펜션들처럼 화려하지는
않지만 자연과 닮아 가려합니다
형평없는 솜씨지만 직접 디자인하고 만든 친환경
가구들과 오랜 시간 미완성으로 남아 있겠지만
점차 자생식물들로 가득 차게 될 펜션 주변의 숲.....

소란스럽지 않고 조용한 여행을 즐기려는 분들께
오후 햇살 같은 여유를 드릴 수 있었으면 좋겠습니다.",
서산,stay,펜션,백제의 미소,충남 서산시 운산면 봉운로 982-13,36.7701491,126.620713,041-663-0890,http://www.bjsmile.com/,"원룸(9평, 11평, 15평) 투룸(18평,20평,25평)쓰리룸(25평,30평)","자연의 품으로..
백제의 미소에 오신것을 환영합니다.
돌, 흙, 나무 그리고 자연을 담아 장장 5년에 걸쳐 정성껏 흙집을 지었습니다

어린시절 외갓집 추억을 떠올리며
사랑하는 사람들과 함께 자연의 품으로 들어 오십시요.

충남 서산의 가야산 명당 자락에 위치한 백제의 미소로 오시면 다양한 황토집과 전통구들방에서
자연과 하나가 되는 경험을 하실 수 있습니다.

알차고 실속있는 여행속으로…
요모조모 알뜰한 여행을 즐길 수 있는곳.

백제의 미소 주변에는 3분거리의 서산마애삼존불상, 10분 거리의 덕산스파캐슬
15분 거리의 해미읍성과 개심사가 있으며, 너무나도 예쁜 저수지 고풍저수지(1분거리)에서의
민물낚시도 추천해드립니다.
그리고 전국 명산 가야산 등산로가 인근에 있어 연중 등산객으로 붐빕니다.",59.jpg
서산,stay,굿스테이,스카이모텔,충남 서산시 동헌로 94 ,36.777846,126.452693,041-668-7822,http://blog.naver.com/7822sky,다른컨셉 객실7개,"서산스카이모텔만의 품격있는 생활공간을 제공하고 있습니다.

고객 모두에게 만족을 드릴 쾌적한 환경, 넒은 주차 공간, 분위기있는 순간",
논산,stay,관광호텔,에버그린관광호텔,충남 논산시 연무읍 황화로 369,36.1046258,127.097168,041-742-3344,,총 객실 32(스탠다드 32),,61.jpg
논산,stay,펜션,대둔산 산골이야기,충남 논산시 벌곡면 수락로 46-7,36.1640406,127.314629,010-5439-9734,http://sangol-story.com/,"13평형 4실, 9평형 4실","대둔산자락 아래에 위차한 저희 대둔산 산골이야기펜션은 수락계곡을 끼고
있어 시원한 계곡물놀이는 물론, 아늑하고 깨끗한 시설로 다양한
즐거움을 누릴수 있습니다.
가족, 연인, 단체 모두를 위한 쳔연의 환경속에서 잠시나마 일상의
피로에서 벗어나 저희 산골이야기펜션에서 잊을 수 없는 추억을 만들어 가실 수 있도록 최선을 다하겠습니다.",
논산,stay,펜션,잉스힐,충남 논산시 벌곡면 수락계곡2길 63-3,36.1553962,127.301281,010-7243-1000,http://www.ingshill.co.kr/,"펜션:10평형 (원룸형,투룸형), 15평형(원룸형), 18평형(원룸형,투룸형), 20평(원룸형, 투룸형), 22평형 (투룸형), 30평형(10~18인) 33평형 (12~22인), 63평형(20~40인)//산장:온돌(5실),침대(3실)","논산시선정
""우수숙박업 녹색등급"",""모범음식점"",""아름다운 화장실""
대둔산 수락계곡입구, 중부권 최대규모 전원속 통나무펜션",
당진,stay,관광호텔,㈜당진관광호텔,충남 당진시 송악읍 반촌로 192,36.901959,126.701662,041-366-5757,http://www.hoteldangjin.com/kr/,"총 객실 45(스탠다드 23, 디럭스 16, 스위트 4, 한실 2)","당진호텔은 국내외 비즈니스 여행객과 일반 여행객의 편안한 체재를 지원하기 위해 개관한 고품격 비즈니스 호텔입니다. 
 
아울러 7층 8층에 연회실을 마련하여 각종회식,모임,돌잔치,,워크샵등 각종연회를 하실수 있도록 마련하여 좋은시간과 추억을 가질수 있도록 최상의 시설과 서비스를 제공 할 것을 약속드립니다. 
 
당진호텔은 충청남도 당진 지역의 유일한 호텔로서 산업중심지에 위치하고 있어 교통이 매우 편리하고 활기찬 주변환경은 투숙시 색다른 즐거움을 느끼게 해 줍니다 
 
최신의 설비를 갖추고 있어 객실내에서 아무 불편없이 비즈니스 업무가 가능합니다. 또한 호텔1층에 비즈니스 센터를 운영하고 있어 초고속 인터넷PC를 무료로 사용할 수 있으며 주변관광지 안내등 관련 서비스를 제공하여 드립니다. 
",64.jpg
당진,stay,관광호텔,베니키아 호텔 당진,충남 당진시 송악읍 반촌로 192,36.901959,126.701662,"041-356-5757, 4900",http://www.benikea.com/KOR/hotel/benikea_hotel_dangjin(1100),총 객실 43,"베니키아 호텔 당진은 국내외 비즈니스 여행객과 일반 여행객의 편안한 체재를 지원하기 위해 개관한 고품격 비즈니스 호텔입니다. 충남 당진 지역의 유일한 호텔로서 산업중심지에 위치하고 있어 교통이 매우 편리하며, 활기찬 주변환경은 투숙 시 색다른 즐거움을 느끼게 해 줍니다. 최신의 설비를 갖추고 있어 객실 내에서 불편없이 비즈니스 업무가 가능합니다. 또한 호텔1층에 비즈니스 센터를 운영하고 있어 초고속 인터넷PC를 무료로 사용할 수 있으며 주변관광지 안내 등 관련 서비스를 제공하여 드립니다.

 

아울러 7, 8층에 연회실을 마련하여 각종회식, 모임, 돌잔치, 워크샵 등 각종연회를 하실 수 있도록 마련하여 두었습니다. 저희 호텔은 좋은 시간과 추억을 만들 수 있도록 최상의 시설과 서비스를 제공 할 것을 약속 드립니다.

 

※ 객실별 단독 와이파이 사용. 1달이상 체류시 벽걸이 세탁기 제공. 
",65.jpg
금산,stay,굿스테이,진산자연휴양림,충남 금산군 진산면 대둔산로 6,36.1218219,127.349573,041-752-4138,http://www.ijinsan.net/,"한국형(12실), 핀란드형(11실)","대둔산자연휴양림에서는 울창한 숲, 아름다운 자연환경을 보존하면서 산림의 가치를 최대한 높이고,
자연을 최대한 활용하여 건강회복을 목적으로 모든 분들의 보건휴양과 정서함양을 위하여 많은 노력을
기울이고 있습니다.
대둔산과 함께 산과 나무를 가꾸어서 여러분의 편안한 쉼터가 되기 위하여 정성으로 가꾸고 있습니다.",
부여,stay,관광호텔,백제관광호텔,충남 부여군 부여읍 북포로 108,36.2917807,126.922123,041-835-0870~1,http://www.백제관광호텔.kr/,"총 객실 40(디럭스 19, 스위트 1, 한실 20)","백제관광호텔 Story
벡제 도읍의 전통과 21세기의 최첨단이 공존하는 부여의 중심에
위치한 백제관광호텔은 최적의 환경을 갖춘 관광호텔로서의 명성을
쌓아 오고 있습니다. 저희 백제관광호텔은 호텔의 경영 노하우와
건실한 경영 자원을 바탕으로, 서비스 개선, 우수 인력 확보의
양성등의 다양한 사업 확장을 통해 고객으로부터 사랑을 인정받는
관광호텔로 성장해왔습니다.

고객중심의 투철한 서비스 정신
고객 중심의 호텔 경영에 최우선의 가치를 두고 다양한 호텔 정보와
소식을 제공하고, 고객 한분 한분의 의견에 귀 기울여 보다 원활한
고객과의 의사소통을 실현하기 위해 힘쓰도록 하겠습니다.
언제나 한결같은 마음으로 고객님들께 100%만족을 드릴 수 있도록 최선을 다하는 여기는 ""백제관광호텔"" 입니다.

전문적이고 완성도 높은 다양한 공간
저희 백제관광호텔은 230명이 동시에 투숙할 수 있는 양식,한식 객실과 연회장, 웨딩홀까지 갖추고 있으며 휴식만이 아닌 다양한 활동을
하기에도 아주 적절한 곳입니다, 고급스러움과 편안함을 동시에 지닌 인테리어들로 내 집같은 느낌 이상을 받으실 수 있습니다.
부여 중심에 위치한 백제관광호텔에서만 느낄 수 있는 고급스럽고 수준 높은 느낌을 받아보시기 바랍니다.",67.jpg
부여,stay,콘도/리조트,롯데부여리조트,충남 부여군 규암면 백제문로 400,36.3038586,126.900934,041-939-1000,http://www.lottebuyeoresort.com/,총 객실 332,"불꽃보다 화려하게,눈꽃보다 단아하게
벡제를 품다! 롯데리조트부여
문화의 절정,예술의 정수
백제(百濟)가 1400년만의 비상을 준비합니다.
1400여 년의 오랜 세월 잠들어있던 왕국,백제….
그 잊혀졌던 왕국의 화려한 부활을 위한 날갯짓이 시작합니다.
온화하고 섬세한 미의식으로 부드럽고 세련된 아름다움을 꽃피웠던 예술혼…
바다 건너 일본에 문물을 전파하고 기상을 떨쳤던 웅혼한 기백…
가장 찬란했던 백제문화를 꽃피웠던 중심지,이곳 부여에
그 의미와 가치를 재조명하는 새로운 비전으로 웅대한 꿈을 펼치려합니다",68.jpg
부여,stay,굿스테이,아리랑모텔,충남 부여군 부여읍 정림로 55-1,36.27812,126.911357,041-832-5656~7,http://www.arirangmotel.com/,"특실, 중특실 온돌,중특실 침대, 일반실 온돌, 일반실 침대","한국관광공사가 지정한 굿스테이 우수 숙박업소로서 모던한 인테리어와 준비된 친절한 서비스로 객실에서 안락하게 묵으실 수 있도록 편의를 제공하고 있습니다.

부여 시내에 위치하여 2~3분 이내의 거리에 시외버스터미널 및 택시 등의 교통을
이용하기에 편리하고,편의점 및 식당, 약국등이 가까워 편의 시설을 이용하기에 좋습니다.

백제의 옛 수도로 백제 역사가 살아 숨쉬는 부여는 정림사지, 궁남지, 부소산성,부여박물관
등의 유적지 및 문화재를 도보로 관광할 수 있어 아이들을 동반한 가족단위의 관광객과
일본관광객이 많이 오십니다.",
부여,stay,굿스테이,모텔미라보,충남 부여군 부여읍 정림로 47-28,36.278481,126.911915,041-835-9988,http://www.모텔미라보.com/,,,
부여,stay,굿스테이,백제컨트리클럽,충남 부여군 은산면 충절로 3734-82,36.3450977,126.790967,041-830-0700,http://www.baekjecc.com/,,"백제컨트리클럽은 산세가 수려하고, 공기와 물이 맑으며, 햇볕이 좋은 칠갑산 자락의 좋은 터를 자리잡아 2008년 9월부터 여러분을 모시고 있습니다.

백제컨트리클럽은 50만평 대지위에 코스 전장이 7,270Yards 18홀 정규 코스로 조성되어,
각 골프코스는 각양각색의 아기자기한 모습으로 국내 어느 골프장보다 도전적이며 흥미로운 골프장임을 자랑하고 싶습니다.

저희 백제컨트리클럽은 신의를 제일목표로 공정한 예약,원활한 경기 진행으로 고객님들께
최상의 서비스를 제공할 것을 약속드립니다.

특히, 2009년 5월 개통된 당진-대전간 고속도로와 대전-서천간 고속도로는 서울에서 1시간 30분, 대전에서 40분 이내로 소요되어 전국 어디서나 고객님들의 편리한 접근을 보장할 것입니다.",
서천,stay,굿스테이,서천비치텔,충남 서천군 서면 서인로 288-1,36.1513832,126.5319639,041-952-9566~7,http://www.seocheonbeachtel.co.kr/,"펜션 (원룸,투룸), 모텔형 (특실,일반실)","바다를 품고있는 솔내음 가득한 소나무숲이 즐비하고
바다축제가 넘쳐나는 서해안의 마량리에 위치한 저희 서천 비치텔은
일출과 일몰을 함께 보실수 있으며, 자연과 가까이에 있어
힐링이 되는 휴식을 즐길 수 있습니다.

황토로 마감된 건강해지는 객실과
바닷가 바로 옆 언덕위에 자리잡고 있어
객실에서 바라보는 절경을 저희 서천 비치텔에서
만나보실수 있습니다.
바다가 훤히 보이며 동백나무숲,춘장대해수욕장,국립생태원,한산모시관 등 우리의 역사와 자연을 만끽 할수 있는 서천으로 오셔서 즐겁고 아름다운 추억 많이 만드시길 바랍니다.",
서천,stay,굿스테이,산호텔,충남 서천군 종천면 충서로 233,36.0962105,126.659824,041-952-8012~3,http://www.sanhotel.net/,"로얄 스위트룸, 한실 스위트룸, 콘도, 특실, 일반","산 호텔은 서해안이 보이는 서천의 대표적인 호텔로
수려한 자연환경, 최신식 시설과 한 차원 높은 고객서비스로 여러분 곁에 다가갑니다.

고객의 취향에 맞는 다양한 종류의 객실과 더불어
편리한 연회시설은 물론 특별한 맛과 즐거움을 경험 하실수 있습니다.

아름다운 서해안이 눈앞에 펼쳐지고 서해안 고속도로의 교통의 편리함까지 갖춘
호텔로서 품격 높은 최상의 서비스로 잊지 못할 감동과 추억을 전해 드리겠습니다.

넓은 공간의 주차장과 바다가 보이는
온돌방,한실온돌방,일반침실형방,특침대방 및 5인~8인용 콘도가 완비하고 있습니다.

흰 포말의 파도를 만들어내는 푸르른 서해의 물결과 상쾌한 바다 내음으로
고객님 모두 사랑하는 사람들과 아름다운 추억을 담아가시도록 노력할 것입니다.",73.jpg
청양,stay,굿스테이,호텔칠갑산샬레,충남 청양군 대치면 한티고개길 57,36.4383346,126.884534,041-942-2000,,,,
청양,stay,한옥스테이,방기옥고택,충남 청양군 남양면 나래미길 60-4,36.4128516,126.783147,010-6484-8764,http://www.향원재.com/,,"향원재는 대한민국 극소수 밖에 남지 않은 충청남도 문화재자료 제 279호로 전통가옥의 명맥을 이어가고 있습니다.

저희 향원재는 방문해주시는 분들께 한옥의 멋과 혼을 직접 체험하며 좋은 추억이 남을수
있도록 노력하고 있습니다.
전통한옥에서의 체험이 다소 불편하신점이 있으시더라도옛 조상의 지혜와 일을 생각하며
너그러이 양해해주시고 바라며 계속해서 발전하는 향원재가 되도록 최선을 다하겠습니다.
향원재는 옛 선조들이 풍수지리를 바탕으로 배산임수 지형의 명당입지이며 흙과 나무만을
주재료로 사용하였기에 매우 친화적입니다. 시멘트로 지어진 도시를 잠시 벗어나 몸과 마음이
편안한 휴식 공간에서 격이 있는 체험이 되시길 바랍니다.",75.jpg
홍성,stay,관광호텔,홍성온천관광호텔,충남 홍성군 홍성읍 내포로 42,36.5990744,126.663488,041-633-7777,http://www.hongsungspa.com/,"총 객실 47(스탠다드 7, 스위트 11, 한실 29)","홍성온천관광호텔은 주변의 아름다운 자연속에 가족같은 분위기의 깨끗한 환경에서
내 집처럼 편안히 지내실 수 있도록 마련되어 있습니다.

다양하고 넓은 객실과 편리한 부대시설로 편리하게 여행하실 수 있게끔 시설이 완비되어있으며. 사랑하는 가족, 연인, 친구, 직장 동료들과 평생 가슴속에 간직할
아름다운 추억을 만들어 가시도록 저희 홍성온천관광호텔은 고객의 곁에서 늘 최선을 다하겠습니다.

피곤한 일상에서 벗어나서 맑고 휴식과 더불어 가슴깊이 간직할 행복한 추억을 담아가시길 바랍니다.",76.jpg
홍성,stay,펜션,남당로뎀펜션,충남 홍성군 서부면 남당항로264번길 41,36.544627,126.476481,041-632-8697,http://namdangrodem.com/,원룸형 온돌(12평형) 복층형 온돌(15평형) 투룸형 온돌(25평형) 황토형 침대 (10평형),"홍성 남당리에 위치한 남당로뎀펜션입니다.
저희 로뎀펜션은 조용하고 정겨운 시골풍경속에 자리하고 있으며, 가까이에 남당항이 있어 다양한 먹거리가 가득합니다.
가을이 되면 영양가득한 대하를 맛보실 수 있으며 대하축제도 함께 즐기실 수 있습니다.
겨울이면 새조개가 유명하여 많은 이들의 발길이 이어집니다.
뿐만 아니라, 계절마다 석굴,쭈꾸미,꽃게 등 다양한 해산물을 싱싱하게 맛보실 수 있습니다.

깔끔하고 편안함이 묻어나는 펜션의 객실에는 머무시는 동안 불편함이 없도록
TV, 냉장고,에어컨,씽크대, 주방시설 등을 준비해 놓았습니다.
야외에는 바베큐시설이 준비되어 있어 맛있는 바베큐파티를 즐기실 수 있습니다.

복잡한 일상에서 벗어나 자연과 벗한 여유로움이 함께하는 남당 로뎀펜션에서
멋진 여행의 추억을 만들어 보시기 바랍니다.",
홍성,stay,한옥스테이,예당큰집,충남 홍성군 장곡면 무한로 957-24,36.4940731,126.742617,041-642-3833,https://www.facebook.com/YeDangH,,,
예산,stay,관광호텔,덕산온천관광호텔,충남 예산군 덕산면 온천단지2로 23,36.6946424,126.652238,041-338-5000,http://www.ducksanhotel.co.kr/,"총 객실 62(스탠다드 21, 스위트 9, 한실 32)","저희 덕산 온천관광호텔은 예산군 덕산면에 위치하고 있는 1급 관광호텔 입니다. 
현대적이고 아늑한 분위기의 62실의 객실과 천연 미네랄과 탄산 나트륨의 조화를 이루어 덕산  
온천의 원조로서 차별성을 유지하고 있는 것으로 인정받고 있습니다. 
1000여명을 수용할 수 있는 대 온천탕, 세미나, 연회시설을 갖춘 대, 소 연회장이 준비되어 있습니다. 
맑은 산새소리와 함께....  
가야산이 바라 보이는 식당과 커피숍에서 도심을 벗어나 편안함을 느낄 수 있습니다. 
 
부대업장  
커피숍 / 전통 한식당 / 실내 수영장 / 대온천탕 / 헬스클럽 / 오락실 / 이용실 / 나이트 클럽  
/ 휴게 음식점  
 
다양한 부대 시설을 갖추고 있는 중부권 최고의 휴양호텔로서 현재 많은 사랑을 받고 있습니다. 
또한, 가야산과 덕숭산등의 등산 코스와 안면도, 학암포, 만리포, 연포등의 해수욕장, 수덕사로 
대표되는 유서 깊은 관광지가 가까이 있어 관광과 편안한 휴식을 취하는데 손색이 없습니다. 
매년 4월 매헌 윤봉길의사의 뜻을 기리는 매헌 문화제와, 10월 초면 열리는 광천의 토굴 새우젓, 
광천김 축제/ 남당리 대하축제는 또다른 기쁨을 선사해드릴 것입니다. 
 
 
",79.jpg
예산,stay,관광호텔,가야관광호텔,충남 예산군 덕산면 신평1길 14,36.6934015,126.662494,,http://www.gayahotel.co.kr/ ,"총 객실 48(스탠다드 40, 스위트 8)",,80.jpg
예산,stay,콘도/리조트,스파캐슬콘도미니엄,충남 예산군 덕산면 온천단지3로 45-7,36.6941393,126.655832,041-330-8000,http://www.resom.co.kr/spa/main/main.asp,"스파동 객실 134, 테마동 객실 273","지상에 펼쳐진 천상의 세계 천천향 Chun Chun Hyang
천천향은 몸에 이로운 물과 청정한 자연 속에 오롯이 자리한 삶의 휴식처로써 스파의 모든 것을 누릴 수 있는 세계적 수준의 휴양시설입니다.
총 7천 3백여 평의 규모에 숨어있던 명약인 600년 전통의 덕산 온천수(49℃)가 공급되며, 전 세계의 흐름인 대체의학을 기반으로 마음과 정신의 자연적 치유를 촉진하는 수십 가지의 특화된 프로그램과 서비스, 고급화 된 시설을 갖춘 대한민국 대표 온천테마파크입니다.
천천향에서는

수치료 중심의 유럽스파.마사지 중심의 동남아스파.입욕 중심의 일본스파.레저 중심의 미주스파찜질 중심의 한국스파. 전 세계의 스파 콘텐츠를 한국식으로 재해석한 독특한 스파 문화를 경험할 수 있으며, 세대가 다른 가족 개개인 또는 모두가 사계절 함께 할 수 있는 다양한 테마와 이벤트가 펼쳐집니다",81.jpg
예산,stay,굿스테이,그랜드모텔,충남 예산군 예산읍 충서로 1344,36.7270719,126.834282,041-334-8934~5,,,,82.jpg
예산,stay,한옥스테이,슬리시티 교촌한옥,충남 예산군 대흥면 교촌향교길 65-15,36.6097977,126.783107,041-335-0163,http://www.향원재.com/,"사랑채, 안채, 사랑방, 건넌방, 뜰아래방, 행랑채","항원재(방가옥고택)는 전통 한옥으로 충청남도 문화재자료 279호로 1985년 12월 31자로 지정된 한옥입니다.
항원재는 조선시대 건축된 것으로 안채, 사랑채, 행랑채가 하나로 연결되어 'ㅁ'자 형태로 건축된 전통가옥으로, 안채는 6칸전후퇴로 북서쪽 모퉁이에 부엌이 있고, 부엌 동쪽으로 안방 2칸이 이어지고 있으며, 앞은 leke이 창에 띠살문 쌍창으로 되었다.
안채 부엌이 남쪽으로 1칸 반의 방과 1칸짜리 대청으로 연결되었다.",
예산,stay,한옥스테이,해비치농장,충남 예산군 신양면 송천길 41,36.5864388,126.852375,041-333-9103,http://blog.naver.com/white025013,,,
태안,stay,가족호텔,라모스 리조트,충남 태안군 태안읍 안도내길 28-14,36.8126972,126.330783,041-673-0025,http://www.lamose.com/,총 객실 10(가족실 10),"라모스 가족호텔은 충남 태안군 태안읍에 위치하여 호수, 산, 바다가 어우러져있는 곳입니다. 조용하고 한적한 자연풍경, 깨끗한공기, 깔끔한 객실, 멋진 조망권, 다양한 부대시설이 있습니다.
모든 것을 다 갖춘 라모스 가족호텔에서 가족, 친구, 연인 등 고객의 다양한 필요를 만족시켜드리고 있습니다.
산과 바다, 호수가 있는 라모스 리조트는 팔봉산의 아름다운 풍경, 편안하게 오를수 있는 산으로 매력적인 곳입니다. 
라모스 리조트에서는 숙박 뿐만 아니라, 중소기업행사, 워크샵, 세미나, 교회수련회 등 다양한 행사, 고급스러운 행사도 가능합니다. 200명 수용가능한 세미나실, 100석 가능한 다목적홀은 최첨단 장비와 라이브, 차와 식사를 즐길 수 있는 곳입니다.",
태안,stay,콘도/리조트,리솜오션캐슬,충남 태안군 안면읍 꽃지해안로 204,36.4887746,126.337269,041-671-7000,http://www.resom.co.kr/ocean/,"오션동(호텔형)-4인,5인실 / 캐슬동(별장형)-5인,6인,7인실","리솜오션캐슬리조트는 서해안 시대의 중심이며, 훼손되지 않은 자연의 땅 안면도에 위치한 최고급 멤버쉽리조트로서 단순 숙박·놀이 개념의 콘도미니엄에서 탈피, 동일 단지내에 휴양과 예술, 비즈니스와 해양레포츠를 한데 조합해 설계한 21세기형 신개념의 해양리조트입니다.

충청남도가 숙원사업으로 진행하고 있는 내륙 200만평, 해수면 500만평 규모의 안면도 국제휴양지의 핵심시설이기도 한 리솜오션캐슬은 2002 국제 꽃박람회 지구(2002년 4월 개최), 안면도 자연휴양림, 바다낚시지구 등 다양한 테마지역과 유기적으로 연계됨으로써 4계절 종합리조트로서의 입지를 확고히 하고 있습니다.
",86.jpg
태안,stay,펜션,한화골든베이,충남 태안군 근흥면 정산포로 217,36.706309,126.16725,041-671-8000,http://www.goldenbay.kr/,총 객실 56실,"*4인기준 Tow Master Room 배치 
*각 실별로 완벽한 Privacy 보장 
*Natural한 소재를 이용한 친환경적인 실내장식 
*골프장 조망이 가능한 발코니의 자쿠지 설치 ",87.jpg
태안,stay,펜션,화가의정원,충남 태안군 남면 청포대길 94,36.642495,126.302171,041-674-4100,http://www.artistgarden1.com/,"침대형(8개실), 복층형(4개실), 방+거실(2개실)","화가의 정원은 충남 태안군 남면 양잠리 청포대 해수욕장에 위치하고 있습니다.
서해안 고속도로 홍성 IC에서 나오셔서 안면도 방향으로 진행 > 원청사거리를 만나신 후 청포대 해수욕장 방면으로 우회전 1.2km > 해수욕장 안으로 들어오시면 바닷가 앞에있는 화가의 정원을 만나실 수 있습니다.",88.jpg
태안,stay,펜션,빨간풍선펜션,충남 태안군 남면 안면대로 1296-40,36.6413708,126.304093,"041-674-8040, 6673",http://www.redballoons.co.kr/,"원룸형(6개실), 투룸형(2개실), 복층형(2개실), 가족실","빨간풍선 펜션은 주위에 아름다운 해수욕장과 많은 볼거리를 가지고 있는 청포대에 위치하고 있습니다. 주변에 솔밭이 있어 자연과 함께 하는 산림욕과 산책길은 펜션에 오시는 모든 분들에게 행복한 추억이 될 것입니다.
또한 맑고 신선한 공기와 함께 걸어서 2~3분거리에 있는 바다내음을 마시며 여유로움을 느끼실 수 있습니다.
빨간풍선의 객실 인테리어는 산뜻하고, 고급스러운 분위기이며 바비큐장이 있어 편리하고 안전하게 이용하실 수 있습니다.",89.jpg
태안,stay,펜션,썬셋,충남 태안군 남면 안면대로 1308,36.6415134,126.30691,041-675-6567,http://www.sspension.co.kr/,"오션A(7개실), 오션B(7개실), 오션C(7개실), 오션D(7개실)","청포대 썬셋 펜션은 안면도 입구에 위치한 펜션으로, 펜션 바로 가까이에 있는 청포대해수욕장에서 바다의 향취를 느끼실 수 있으며, 싱그러운 송림의 숲속에서 산림욕을 즐길 수 있습니다.
가족, 연인, 친구들과 함께 넉넉한 자연의 품에서 여유의 행복한 미소로 건강하 의 향기를 느끼시기 바랍니다.",90.jpg
태안,stay,펜션,장꽁,충남 태안군 안면읍 해안관광로 510-5,36.5460407,126.330682,010-7176-1321,http://www.jangkong.co.kr/,"카멜리아(6개실), 비올라(8개실)","장꽁펜션에서는 전 객실에서 멀리 보이는 아믈다운 바다와 섬, 일몰을 감상하실 수 있습니다. 또한 직접 제작하는 작고 아담한 도자기 전시실과 월풀욕조가 마련되어 있어 아름다운 전망을 보며 쾌적한 여행을 즐길 수 있습니다.",91.jpg
태안,stay,펜션,가장자리,충남 태안군 남면 적돌길 370-22,36.6506389,126.333198,041-674-5988,http://www.fringe-pension.com/,"커플룸(7개실), 복층커플룸(4개실), 가족룸(2개실)",,
태안,stay,펜션,지중해 아침,충남 태안군 고남면 큰장돌길 141-98,36.4142278,126.371397,010-5499-8655,http://www.jijunghaeachim.co.kr/,"총 객실 22실(침대원룸, 월풀스파 등)",,
태안,stay,펜션,팜비치,충남 태안군 남면 청포대길 57-34,36.637689,126.301655,041-675-3444,http://www.pbpension.co.kr,"일반원룸(3개실), 원룸 디럭스(4개실), 복층(5개실)","스페인풍 지붕에 바닷가가 인접한 청포대 팜비치 펜션입니다.
주변의 뛰어난 자연경관과 더불어 편리하게 이용할 수 있는 최상의 휴식공간을 자랑하고 있으며, 해변이 바로 가까이에 접해 있어 파도소리와 함께 넓게 펼쳐진 모래사장을 밟아 볼 수도 있고, 소나무숲에서의 삼림욕과 경치 좋은 산책로까지 경험할 수 있습니다.
낭만과 추억을 한가득 느껴보세요.",94.jpg
태안,stay,펜션,나폴리,충남 태안군 남면 청포대길 96,36.6426569,126.302125,041-674-5600,http://www.napolipension.com/,"월풀형원룸(4개실-바다전망), 커플형원룸(4개실-바다전망), 가족룸/침대방(5개실)","안면도 입구에 위치한 나폴리펜션은 청포대 바닷가가 한눈에 보이는 전망좋은 뷰를 가지고 있습니다.
앞으로는 바다, 뒤로는 솔숲이 자리하고 있는 나폴리의 마레방은 모든 객실내에서 노을지는 멋진 바다를 보실 수 있습니다.
스카이 바베큐라운지에서는 붉게 노을지는 아름다운 서해바다를 바라보며 낭만적인 바베큐파티를 즐길 수 있습니다.
또한 월풀욕조와 2인용 욕조가 준비되어 있어 따뜻하고 편안한 휴식과 힐링의 시간을 즐기며, 행복한 여행을 맞게됩니다.",95.jpg
태안,stay,펜션,마리나비치,충남 태안군 남면 몽대로 494-8,36.6737265,126.271976,041-672-4097,http://www.mbeachvill.com/,"원룸형 침대방(6개실), 투룸형 침대방(1개실)","바다 바로앞의 마리나비치!
유럽형목조주택인 마리나비치는 바다가 바라보이는 곳에 위치하고 있어 전망이 좋을 뿐 아니라 방에서 파도소리를 들을 수 있는 곳입니다.
바다와 가까이 있어 해수욕을 즐기기에 최상의 조건을 가지고 있는 마리나비치는 여행을 즐기시는 분들께서 편안하고 즐거운 여행을 즐기시 수 있도록 준비했습니다.
마리나비치에 오실때는 그동안 여행하시면서 불편하셨던 무거운 짐을 벋어던지고 가볍고 즐거운 마음만 가지고 오시면 됩니다.
뿐만 아니라, 마리나비치에 오시면 푸른바다에서 맛볼수 있는 자릿한 바다낚시도 즐기실 수 있으며, 횟집을 운영하고 있어 신선하고 맛있는 해산물을 맛보실 수 있습니다.
언제든지 방문하셔서 편안하고 여유있는 여행을 즐겨보세요",
태안,stay,펜션,레이펜션,충남 태안군 남면 청포대길 104,36.6431875,126.301941,041-675-8634,http://reipension.com/,"커플룸(5개실), 가족룸(4개실), 단체룸(4개실)","언제나 친구처럼 포근하게, 그렇게 시원하게 밀려드는 하얀 파도와 백사장에 흩어져 있는 갖가지 조개와 넓고 고운 모래 백사장은 복잡한 도시생활에 지친 여러분을 편안하게 감싸 안아 줄 것입니다.
맛있는 음식도 먹고, 노래도 부르고, 술잔을 기울이면서 사랑하는 사람들과 즐거운 추억을 만들어 보세요",97.jpg
태안,stay,펜션,풍경,충남 태안군 원북면 나루터길 438-8,36.8321862,126.313182,041-672-8661~2,http://www.poonggyung.com/,"10평, 20평, 30평, VIP룸 2실","풍경리조트는 아름다운 서해바다의 낙조와 산림욕을 즐길 수 있는 소나무 숲의 솔내음에 마음이 편해지는 곳입니다.
앞이 탁 트인 '가로림만'과 '청산리 나루터'가 있으며 연인,가족,단체손님(세미나/워크샵/야외결혼식/회갑연 등)이 사용하실 수 있도록 다양한 크기의 객실과 부대시설이 마련되어 있습니다.",
태안,stay,펜션,골든웨이브,충남 태안군 남면 곰섬로 236-70,36.5971158,126.290165,041-675-2008,http://www.goldenwave.co.kr/,"PROVENCE(원룸 4개실, 다락방+거실 4개실, 방+거실)","푸른 물결이 넘실대는 수평선이 펼쳐진 곳…
황금빛 모래가 반짝이는 곳…
파도 소리에 갈매기도 춤추는 곳…
방안 가득 따스한 햇살이 머무는 곳…
붉은 노을이 마음 따뜻하게 하는 곳…
밤하늘 촘촘히 별들이 노래하는 곳…
행복한 웃음이 번지는 곳…
환상의 섬 안면도 앞 바닷가 펜션…
바로, 골든웨이브 펜션입니다.
자연경관이 어우러져있는 이곳에서 아름다운 추억과 행복한 기억을 담아가시기 바랍니다.",99.jpg
태안,stay,펜션,노을빛 풍경,충남 태안군 남면 곰섬로 236-72,36.5969067,126.289854,041-675-6300,http://www.taeannoeul.com/,"원룸침대(4개실), 다락방+거실(4개실), 침대방+거실(5개실)","자연과 함께하는 편안함과 휴식, 즐거움이 가득한 노을빛 풍경 펜션은 태안군 남면에 위치하고 있으며, 갯벌체험 / 해변자전거 / 보드게임 등 다양한 즐길거리와 체험으로 관광객 여러분들으 맞이하고 있습니다.
특히, 아름다운 바다가 훤히 내려다보이는 야외 바베큐장에서 맛있고, 즐거운 바베큐파티를 즐길수 있습니다.
운동시설과 수영장 또한 갖춰져 있어 단체,모임,MT 관광객들에게도 안성맞춤 펜션입니다.",100.jpg
태안,stay,펜션,시에스타,충남 태안군 남면 청포대길 57-90,36.6351391,126.301689,041-674-1813,http://www.siestapension.com/,"침대원룸(4개실), 투룸(2개실), 복층침대룸(2개실)","태안군 안면도에 위치한 시에스타 펜션은 넓은 백사장과 푸른 파도, 울창한 송림을 자랑하는 청포대 해수욕장에 위치하고 있습니다.
시에스타 펜션에서 청포대 해수욕장까지의 거리는 도보로 2분정도이며, 주변에 솔밭이 있어 도시에서의 일상을 벗어나 자연과 함께하는 산림욕을 즐기실 수 있습니다.
아름다운 자연이 살아 숨쉬는 시에스타에서 낭만과 설레임, 작은 행복을 느끼시기 바랍니다.",
태안,stay,펜션,몽산포아라펜션,충남 태안군 남면 몽산포길 67-34,36.671436,126.286562,041-672-2657,http://www.mongsanpoara.com/,"커플룸(2실), 투룸(5실)","아라'는 순 우리말로 '바다'라는 뜻을 가지고 있습니다.
아라펜션은 몽산포해수욕장과 바로 앞에 붙어있으며 방문시 해변산책도 즐기실 수 있습니다. 가까운 몽산포항에서 조개구이와 회, 그리고 갯벌체험까지 다양한 경험과 석양의 아름다움을 느껴보시기 바랍니다.",
태안,stay,펜션,그림일기,충남 태안군 남면 청포대길 76-5,36.6410673,126.303034,041-675-5857,http://www.pensiondiary.com/,"침대+스파(7실), 침대 2층(2실), 침대방거실","그림일기 펜션은 각 테마별로 객실을 꾸며 연인,커플 뿐만 아니라 가족단위의 관광객들에게 많은 인기를 얻고 있습니다. 태안지역 주변 경비행기, 4륜바이크, 서바이벌게임, 낚시 등의 다양한 체험하실 수 있습니다.
서비스 시설등으로는 스파, 월풀, 개별바베큐, 운동기구, 보드게임 등의 놀이기구들도 제공을 해드립니다.",103.jpg
태안,stay,펜션,파티파티,충남 태안군 남면 청포대길 84,36.6415686,126.30247,041-672-0973,http://www.partypartypension.com/,"1층(침대원룸,침대방), 2층(침대원룸 4실,침대방 2실), 3층(침대원룸 4실, 침대방 2실)","태안군에 위치한 파티파티펜션은 청포대해수욕장 바닷가 앞에 위치해 있어 서해바다의 갯벌체험과 일몰을 감상할 수 있습니다. 또한 실내에 월풀과 스파시설이 마련되어 있어, 항상 깨끗한물로 그날의 피로를 말끔하게 풀수 있습니다.
무한으로 제공되는 바베큐파티에 참여하여, 맛있는 저녁식사와 함께 카약/카누/수영 등 다양한 레포츠도 즐기실 수 있습니다.",104.jpg
태안,stay,펜션,린더버그,충남 태안군 남면 마검포길 313-40,36.6085112,126.291044,041-674-1496,http://www.linder.co.kr/,"스파룸(셀레너,빙카,카라,바렌츠,팰리스,스위트), 일반룸(립테프,태즈인,베르겐,로테스)","린더버그는 중세시대 바그너의 음악을 사랑했던 독일의 황제 루드비히 2세가 건축한 아름다운 고성 린더호프 캐슬을 모티브로 설계 시공된 바로크양식의 건축물입니다.
국내 유일 해안국립공원 내 마검포 해수욕장에 위치해 각 객실에서 소나무 사이로 바다가 조야되며 수영복을 입은채 맨발로(30m) 모래사장을 가실수 있습니다. 소나무 숲에서 산림욕과 바비큐를 즐기 수 있고, 깨긋한 모래사장에서 소라,골뱅이,조개 등을 잡는 즐거운 체험 그리고 환상적인 낙조 속에서 백사장을 따라 등대까지 산책을 즐길수 있습니다.
이런 천혜의 관광지이지만 해안 국립공원 특성상 난개발이 되지 않아 깨끗하고 조용하여 중세유럽 지중해의 아름다운 성으로 여행 온 듯한 낭만과 추억을 드릴 것입니다.",105.jpg
태안,stay,펜션,별궁,충남 태안군 이원면 원이로 2492,36.940608,126.301578,010-4579-7272,http://www.byulgung.com/,12개의 별자리별로 객실 제공,"별궁펜션의 한옥은 우리 선조들의 전통문화를 이어온 한국의 전통 건축양식이며 구들방, 기와, 대청마루, 아궁이, 굴뚝 등 예부터 내려오던 방식, 선조들의 지혜를 그대로 따르려고 많은 노력을 하였습니다.
친환경 건축자재인 나무를 사용하여 (써까래, 기둥과 도리, 보, 마루 등) 건축의 골조를 세웠습니다. 지붕은 나무로 천정바닥을 만들고 순수 황토로 천정을 덮어서 그위에 기와로 지붕을 입히고, 건축물 내부의 바닥은 흙으로만 채워졌습니다.
자연이 살아숨쉬는 건강한 행복에너지 태안 별궁으로 오셔서 힐링하세요",106.jpg
태안,stay,펜션,엘도라도,충남 태안군 남면 마검포길 331,36.6116898,126.290646,041-673-2039,http://www.goeldorado.co.kr/,"커플룸 10, 패밀리룸 1","해안선을 따라 우거진 향긋한 솔숲의 향기가 가득하고 바로 앞에 푸른바다가 펼쳐져 있는 아름다운 안면도 펜션입니다.
아늑한 정원에 있는 ",107.jpg
태안,stay,펜션,연포펜션하우스,충남 태안군 근흥면 용도로 99,36.6954275,126.210261,041-673-1587,http://www.younpopension.com/,"패밀리룸 17, 대형룸 1",저희 펜션하우스는 학생 MT 및 직장인 단체는 물론 연인과 가족의 오붓한 시간에도 더할 나위 없는 즐거움을 드립니다. 최신식 콘도형으로 지어진 만큼 기본적인 취사도구는 물론 취사에 필요한 세심한 도구까지도 마련되어 있어 마치 집에 온듯한 편안한 기분으로 휴가를 보내실 수 있습니다.,108.jpg
태안,stay,펜션,소나무 풍경,충남 태안군 남면 별주부길 116,36.6342129,126.303565,010-9633-3272,http://www.pineview.kr/,객실 10,"울창한 소나무 숲속에서 솔숲의 향기와 안면도에서 잡은 활어를 즐기면서 안락하게 휴식을 취할 수 있는 안면도 펜션입니다.
한여름 수영장에서 즐겁게 물놀이도 하시고 수영장 테라스에서 식사와 다과를 즐기시면서 즐겁고 특별한 추억을 남기시길 바랍니다.",109.jpg
태안,stay,펜션,샤론,충남 태안군 남면 청포대길 102,36.6429896,126.30201,010-9415-6357,http://www.sharonpension.co.kr/,"커플룸 8, 패밀리룸 6","행복이 가득한 샤론펜션입니다.
바쁜 일상 속의 삶에서 벗어나 아름다운 에메랄드 빛 바다를 보며 여유로운 시간을 가져 봅니다.
샤론펜션 앞 청포대 바다는 주변의 울창한 송림과 모래밭, 몽산포와 이어지는 넓은 백사장은 편안함을 줍니다.
카리브해안처럼 편안하고 낭만적인 샤론펜션에서 오늘도 아름다운 추억을 만들어 갑니다.",110.jpg
태안,stay,펜션,지오랜드 레저토피아,충남 태안군 남면 마검포길 104-108,36.6222843,126.303941,041-675-5890,http://www.vj114.com/,"캠핑카, 통나무집, 패밀리동, 워크샵동, 아일랜드동","안면도 지역의 많은 펜션 중에 '레저토피아 지오랜드는 수려한 자연경관과 더불어 다양한 이색 레포츠를 체험할 수 있는 곳으로 유명합니다. 갯벌체험과 서바이벌게임, 독살체험, ATV(사륜 오토바이)등은 지오랜드의 대표적인 체험활동입니다.",111.jpg
태안,stay,펜션,파인웰스,충남 태안군 안면읍 안면대로 2608-72,36.5411975,126.351071,041-673-5006,http://www.pinewealth.co.kr/,"다솔동(독립형), 한솔동(가족형 별장), 두솔동, 세솔동, 별동",다양한 패키지 상품이 있는 파인웰스입니다. 아름드리 백년홍송 소나무 아래 클래식 음악같은 프로방스풍 별장에서 펼쳐지는 고품격 패키지로 귀하를 초대합니다.,
태안,stay,펜션,아틀랜틱리조트,충남 태안군 고남면 가경주길 47-71,36.4092604,126.4134,010-8925-5949,http://www.atlanticresort.co.kr/,"커플룸 16, 패밀리룸 4, 대형룸 6","주위를 둘러싼 나무향기와 푸른하늘, 파란바다를 맘껏 볼 수 있는 아름다운 안면도에 위치한 아틀랜틱 리조트입니다.
럭셔리한 세련됨과 아늑한 공간으로 꾸며진 객실 인테리어는 여느 펜션과 다른 분위기에서 편안하게 쉬실 수 있도록 하였습니다.",
태안,stay,펜션,칸타빌레,충남 태안군 남면 청포대길 57-38,36.637248,126.301749,041-674-8529,http://www.cantabilepension.com/,"커플룸 14, 패밀리룸 1","칸타빌레(cantabile)란 이탈리아어로 악보에서, '노래하듯이'라는 뜻입니다. 표정을 담아 선율을 아름답게 흐르듯이 연주하라는 이 말의 뜻과 같이 하늘과 바다가 어우러져 천상의 아리아를 노래하듯 아름다운 파도소리가 들리는 저희 펜션은 아름다운 경관과 맑은 공기를 즐기실 수 있습니다.",114.jpg
태안,stay,펜션,백화원 리조트,충남 태안군 태안읍 원이로 254-21,36.7800645,126.28076,041-672-8887,http://www.baekhwawon.co.kr/,"커플룸 4, 패밀리룸 10","백만송이 꽃들과 화사한 햇살, 원시를 만끽할 수 있는 이곳. 자연의 향기 그윽한 백화원에서 소중한 추억을 만들어보세요.",
태안,stay,펜션,게스트하우스 소소,충남 태안군 남면 안면대로 1296-36,36.6420024,126.304233,010-2933-3442,http://sosohouse.co.kr/,커플룸 6,"소소는 '작은미소'라는 뜻의 한자로, 여러분의 잔잔한 미소와 함께하는 소시이길 바라고 있습니다. 휴식의 기분을 알 것 같은 쉼표같은 느낌으로 집을 만들고 싶었습니다.",116.jpg
태안,stay,펜션,청포대 하와이,충남 태안군 남면 청포대길 29,36.6385639,126.304879,041-675-5858,http://www.hawaiipension.co.kr/,객실 24개,"넓은 해변에서 들려오는 파도소리, 갈매기 소리에 듣는 즐거움이 있고 해변에서의 바다생물들과 노는 즐거움이 있습니다.",
태안,stay,펜션,더 클래식,충남 태안군 남면 청포대길 57-60,36.636581,126.30171,041-675-0059,http://w.theclassicps.com/fhtml/,"스파룸 9, 일반룸 4","객실 창으로 아름다운 청포대해수욕장 바다의 파도소리에 잠들고 잠깨어 아침을 맞이하는 힐링여행에
행복한 시간여행을 드립니다.
청포대 해변길을 거닐던 타인의 시선 부러움까지 한껏 받을 수 있는 바다전망 스파 객실,창밖 풍경들이 그림처럼 스쳐갑니다.
맛있는 이야기, 편안한 휴식으로
 낮선 공간이 어색하지 않은 여행을 꿈꾸는
1박 2일이 짧았던 아쉬움까지 가져가실 수 있습니다.",
태안,stay,펜션,그녀의 바다,충남 태안군 남면 청포대길 57-36,36.6374101,126.301725,041-674-5425,http://www.she-sea.com/,6가지 테마의 방,"특별한 당신, 특별한 우리의 사랑, 그녀의 바다 펜션에서 특별해지는 우리, 특별함을 느껴보세요",119.jpg
태안,stay,펜션,모켄리조트,충남 태안군 남면 곰섬로 129-87,36.6032044,126.308013,010-9293-4275,http://www.moken.co.kr/,"스탠다드, 디럭스, 스위트, 스위트로얄, 디럭스 로얄 스위트, 프레지던트",철학을 바꾼 저택형 안면도 스파하우스,120.jpg
태안,stay,펜션,몽산포 파도펜션,충남 태안군 남면 몽대로 512-17,36.6740302,126.27006,010-7210-2807,http://www.e-pado.com/,"고래동(6개 방), 상어동(3개방)","파도소리펜션은 신축건물이라 일단 깨끗하고 펜션앞 바다에서는 시원한 해수욕, 방파제에서 즐기는 낚시, 바닷길 산책, 갯벌체험 등 다양하게 대자연을 즐길 수 있습니다.
객실내에서 서해바다의 아름다운 낙조를 감상하실 수 있는 환경을 갖추고 있습니다. 또한 TV, 조리기구나 에어컨 등을 구비하고 있어 편안한 숙박을 보장드립니다.",121.jpg
태안,stay,펜션,큐브하우스리조트,충남 태안군 원북면 나루터길 324,36.8288688,126.300602,041-675-8811,http://www.cubehouse.co.kr/,"커플룸 2, 패밀리룸 2",초럭셔리 펜션 큐브하우스입니다. ,
태안,stay,펜션,그람피하우스,충남 태안군 남면 안면대로 1110-30,36.656642,126.308272,010-8515-6653,http://www.grumpy.co.kr/,"커플룸 11, 패밀리룸 2",소나무 숲과 황금빛 노을과 바다풍경이 어울어진 언덕위의 하얀집 그람피하우스입니다. 별장형으로 지어진 동화속 그림같은 집에서 소나무의 향기를 맡으며 일몰의 아름다움을 만끽할 수 있는 확 트인 서해의 전망은 일상에 지친 피로를 말끔히 씻어주고 활력을 불어 드릴 것 입니다.,123.jpg
태안,stay,펜션,마로니에펜션,충남 태안군 원북면 신두해변길 135,36.8364477,126.183611,041-675-1617,http://www.oceanworld.co.kr/,"커플 1호, 패밀리 1,2,3호, 파티 1,2,3호","바다가 정원처럼 펼쳐져 있는 마로니에 펜션은 전 객실에서 바다가 조망되는 멋진펜션입니다. 드 넓은 백사장과, 펜션 바로 앞까지 들어오는 바닷물은 시원함을 더합니다.
저녁이 되면 갈매기와 함께 낮고의 아름다운 풍경을 감상하시는 여유를 즐겨보세요.
밤바다를 배경으로 조명아래 즐기는 맛있는 바비큐 파티는 일상을 벗어난 또 다른 즐거움을 느끼실 수 있습니다.",124.jpg
태안,stay,펜션,아리바다펜션,충남 태안군 남면 청포대길 57-58,36.6367432,126.30172,041-675-9009,http://www.arribada.co.kr/,"스파룸 6, 커플룸 7, 패밀리룸 4","중앙아메리카 코스타리카의 오스티오날 해변에는 매년 8~11월 하현달이 뜨면 수만마리의 바다거북이 해변으로 올라온다. 알을 낳기 위해 고향으로 돌아온 것이다. 현지에서는 이 현상을 '도착'이라는 뜻의 아리바다라고 부른다. 우리의 위대하고 험난한 인생여정과도 닮아있다.
저희 아리바다 펜션을 찾아주시는 모든 분들의 위대하고 험난한 인생여정에서 고향같이 안락하고 편안한 곳으로 기억되고 싶습니다.",125.jpg
태안,stay,굿스테이,하늘과 바다사이 리조트,충남 태안군 원북면 신두2길 199,36.823408,126.25716,041-675-2111,http://www.sky-sea.co.kr/,"1, 2단지(대학교 MT 및 단체), 3단지(커플룸 및 가족룸), 4단지(대학교 MT 및 기업체)","하늘과 바다사이 리조트는 서해에서는 물론이거니와, 우리나라에서는 보기 드문 청정한 해변, 그리고 그 해변에 바다와 가장 가까이 지어진 우리나라 유일의 해양펜션리조트 입니다.",126.jpg
태안,stay,굿스테이,에벤에셀펜션,충남 태안군 원북면 신두해변길 39-4,36.8306983,126.183537,010-9082-8272,http://www.sinduri.kr/,"가족룸 11, 그룹룸 4, 그랜드룸 1","지중해에 온 듯한 이국적인 풍경이 당신 앞에 펼쳐집니다.
에벤에셀펜션은 서해에서 가장 길고 아름다운 해안선을 자랑하며, 서해 최고의 해변이라 불리는 신두리해수욕장에 위치해 있습니다.
특별히 에벤에셀은 2000평의 넓은 대지와 독립적인 공간의 여유를 갖고 가족 및 단체를 위한 갖가지 시설과 테마를 갖추고 있는 리조트형 펜션입니다.",127.jpg
태안,stay,굿스테이,피노키오펜션,충남 태안군 소원면 만리포2길 184,36.7892267,126.145831,041-672-3824,http://www.pinocchiopension.com/,"커플룸 6, 가족룸 3","피노키오의 본채는 1961년 한국으로 미군의 물자수송을 담당하던 미국인 해군 중령 Mr.킹이 만리포의 자연경관에 반해 한국여성과 결혼한 뒤 본인의 이름을 따 이곳에 킹 호텔을 건축한 것이 그 시작입니다.
그 후 개보수를 거치긴 했으나 당시의 구조를 그대로 살려 아직도 당시의 굴뚝과 정원수들이 남아있답니다.",128.jpg
태안,stay,굿스테이,베이브리즈가족호텔,충남 태안군 소원면 만리포2길 235-9,36.7942702,126.146739,041-675-9551,http://www.baybreeze.co.kr/,"온돌방 3, 침대방 5","느즈막한 휴일 아침, 부드러운 햇살을 맞고 잔잔한 파도소리를 들으며 눈을 떴을때 눈앞에 한 없이 탁 트인 바다가 펼쳐져 있는 그런 경험을 드리기 위해, 
하루가 저물어가는 시간, 창가에 여유로이 기대어 앉아 저녁바다가 온통 붉은 낙조로 물들어가는 그 장관을 한눈에 담아 가시기를 바라며, 이 곳 서해의 보석 만리포 그 한정학 끝자락에 마련한 공간입니다.
모쪼록 이 곳 베이브리즈에서 지친 마음을 쉬어가시고 치유의 시간을 보내시길 바랍니다.",
태안,stay,굿스테이,샌드힐,충남 태안군 원북면 신두해변길 87,36.8340426,126.179814,041-675-3102,http://www.sandhill.co.kr/,"커플룸 2, 가족룸 7","일몰이 아름다운 샌드힐리조트입니다.
저희 샌드힐리조트는 세계 최대의 모래언덕이 있는 충남 태안의 신두리 해수욕장에 자리잡고 있습니다. 리조트 바로 앞이 신두리 해수욕장 백사장이며, 여느 서해안처럼 해변이 완만하여 어린이를 동반한 가족들이 즐기기에 최적의 장소입니다. 또한 겨울에는 백사장에 부서지는 파도와 해변의 설경이 너무나 아름답습니다.",130.jpg
태안,stay,굿스테이,제이드리조텔,충남 태안군 근흥면 신진도길 69,36.745642,126.298053,"041-674-4999, 5999",http://www.jaderesortel.com/,"커플룸 6, 가족룸 2","무작정 떠나온 여행… 아름다운 풍경을 달리다보면 차 창밖에 상쾌한 바람이 이곳으로 안내합니다. 가끔씩 떠올려보던 특별한 만남과 추억, 그 시작은 제이드 리조텔에서 지워지지 않을 한편의 동화를 드리고 싶습니다.",131.jpg
