번호,출처,지역,업종,상호명,주메뉴,주소,연락처,소개,
1,충남추천맛집,천안,한식,아구드림,"아구찜, 아구탕",충청남도 천안시 동남구 광풍로 1698,041-566-0607,"천안 아구의 명가
고단백질의 흰 어육은 중풍의 원인이 되는 동맥경화 및 당뇨병의 예방에 좋으며 북어를 능가하는 주독해소 작용을 하고, 정력 증강에는 물론 현대인의 성인병 예방에도 좋 은 효험을 나타낸다. 아구의 특징을 잘 이용한 아구드림은 고급스런 상차림과 코스 요리로다양한아구의맛을볼수있다.",
2,충남추천맛집,천안,한식,대명가든,"한정식, 소양념갈비",충청남도 천안시 동남구 구성12길 9,041-563-1234,"육즙이 부드럽고 씹는 맛이 뛰어난 양념갈비
30년 전통의 천안 맛집으로 아름답고 운치 있는 정원이 있어 음식의 맛을 더욱더 살려준다. 고기와 한정식의 명가로 엄선된 식재료만을 사용하여 깊은 맛을 느낄 수 있다. 육즙이 부드럽고 씹는 맛이 뛰어난 양념갈비는 누구나 좋아하며 한정식 또한 푸짐한 상차림으로 인기가 좋다.",
3,충남추천맛집,천안,한식,천안본가장어전문점,장어,충청남도 천안시 동남구 다가말4길 28,041-577-1593,"2대째 이어오는 전통의 민물장어 전문점
30년 넘는 전통의 민물장어 전문점으로 국내산 민물장어만을 사용하고 있다. 특히 30여 가지가 넘는 재료를 혼합하여 자체개발한 소스와 신선 한 장어와의 어울림이 최고의 맛을 선사해 준다. 다양한 밑반찬과 상차림 이 정갈하여 많은 손님들이 찾고 있다.",
4,충남추천맛집,천안,한식,오복갈비,"한우생갈비, 돼지갈비",충청남도 천안시 동남구 공설시장2길 9-2,041-562-8134,"우거지와 갈비탕전문
한우생갈비, 돼지갈비의 맛집으로 오복갈비는 즉석에서 바로 고기 손질을 하여 항상 신선한 갈비를 제공한다. 또한 국물을 조려서 먹는 방법으로 다른 갈비 음식점과 차별화를 두었으며 우렁, 야채, 고기가 가득 들어간 우렁 쌈장과 시래기 한가득 들어간 시래기 된장찌개가 일품이다.",
5,충남추천맛집,천안,한식,석산장,"돼지갈비, 냉면",충청남도 천안시 동남구 문화로 30,041-551-7230,천안에서 아주 오래되고 유명한 국물돼지갈비로 불판 가장자리에 육수를 부어서 먹는 방법으로 일반적인 양념에 재운 돼지갈비와는 차이가 있다. 20년 전통의 석산장은 그 역사를 말하듯 허름한 내관을 지녔지만 돼지갈비의 맛은 어느 식당에도 뒤지지 않는다. 그리고 후식으로 냉면과 함께하면 금성첨화다. 천안의 맛집이라 주말에는 문전성시를 이룬다.,
6,충남추천맛집,천안,한식,이학돌솥삼계탕전문점,"돌솥삼계탕, 닭볶음탕",충청남도 천안시 동남구 서부대로 561,041-575-8330,"국내산 재료만을 고집한 전통 보양식
30년 전통의 손맛으로 순수 국내산 재료만을 고집하여 맛이 좋을 뿐만 아니라 영양도 만점이어서 사계절 최고의 보양식이다. 삼계탕을 먹고 난 후 맛보는 누룽지의 맛이 일품이며 전통 보양식으로 진한 국물 또한 빼놓을 수 없다.",
7,충남추천맛집,천안,한식,원조옥수사,"칼국수, 수육",충청남도 천안시 동남구 사직로 10-6,041-551-1202,"오랜 전통의 칼국수와 수육
원조 옥수사 칼국수는 면발이 탱탱하고 쫄깃쫄깃하여 밀가루 음식을 싫어하는 사람 도 한번 먹고 나면 다시 찾는 음식이다. 바지락도 신선함은 물론이고 칼국수 면발과 어우러져내는국물맛이최고이다.또한 수육도 쌈과 함께먹으면 그맛이 일품이다.",
8,충남추천맛집,천안,한식,뜰안채채식뷔페,채식뷔페,충청남도 천안시 동남구 신방남부길 79-17,041-567-5879,"건강을 생각한 식단과 편안한 분위기
뜰안채의 음식은 고기, 생선, 계란 등 동물성 단백질은 전혀 없는 순수 채식으로만 만들어진 음식으로 가득 해 신선하고 다양한 채소의 맛을 한껏 볼 수 있다. 육 식을 잠시 피하고 싶은 분들에게는 꼭 추천하고 싶은 맛집이다.",
9,충남추천맛집,천안,한식,민들레,"육개장, 닭백숙, 막국수",충청남도 천안시 동남구 향교1길 85-27,041-562-0005,"잃어버린 입맛을 찾는 데는 육개장이 최고!
민들레의 육개장은 사골로 우려낸 육수와 고사리, 토란대, 한우 양지와 사태, 고춧가 루 등을 넣어 끓이는데 특히 대파가 많이 들어가 달달한 맛이 일품인 육개장 그릇을 커다란 그릇에 맛깔스럽게 담아낸다. 민들레는 전통적인 방식을 어느 정도 접목시켜서 우리의 입맛에 맞는 메뉴를 만들며 단순히 음식뿐만아니라 날씨가 좋은날에는 비치되어 있는 벤치에 앉아서 경치를 감상할 수도 있다.",
10,충남추천맛집,천안,한식,은행나무집,"유황오리진흙구이, 한방오리백숙",충청남도 천안시 동남구 태조산길 137,041-556-5292,"유황 오리 진흙구이의 명가
유황먹인 오리와 각종 한약재 18가지를 황토기에 넣어 500도 이상의 열로 3시간동안 구워내기 때문에 반드시 예약하고 방문해야 오리진흙구이맛을 볼 수있다. 오리뱃속에 가득 차있는 영양밥엔 찹쌀과 은행, 황기, 감초, 각종 한약재와 견과류가 많이 들어가 영양식으로 충분하다. 진흙구이의 양이 부족하다 싶으면 소면, 동치미국수를 먹으면 부족한양을 채울 수가있고, 동치미국물에 말아내오는 국수는 시원하며 개운하다.",
11,충남추천맛집,천안,한식,신토장수오리,"오리누룽지백숙, 오리훈제, 닭누룽지백숙","충청남도 천안시 동남구 유량로 164, 1동",041-566-5292,"백숙의 죽을 찹쌀녹두로해서 더 맛있는집. 모든 재료는 최고의 특품만 엄선하여 사용하고 있으며 특히 강원도 고랭지 야채와 무공해 재료는 이 집의 자랑거리이다. 그리고 로스, 훈제, 주물럭, 죽 이렇게 코스로 나오는 메뉴도있어 다양한오리요리를 맛볼 수있다.",
12,충남추천맛집,천안,한식,놀부네메밀밭숯불갈비,메밀국수,충청남도 천안시 서북구 부성4길 16,041-556-1522,"전통메밀국수의 참맛!
메밀막국수와 소바로 오래되고 유명한 식당으로 메밀은 단백질 이 많아 영양가가 높고 탄수화물, 칼륨, 엽산, 마그네슘, 섬유질을 비롯한 8종의 필수아미노산이 들어 있어 남년노소 누구에게나 건강식으로도 좋다.",
13,충남추천맛집,천안,일식,불당동까치복집,"토장국, 복요리",충청남도 천안시 서북구 백석3로 13-7,041-551-1258,"시원한 생복으로 시원한 육수를 뽑는다
누구나 만족할 수 있는 입안에서 살살 녹는 맛이 일품인 까치복집은 신선하고 정갈한 솜씨로 모든 분들에게 인정받고 있는 맛집이다. 이 집의 주 메뉴는 참복 샤브샤브와 복지리, 복어뼈로 끓여낸 시원한 국물맛이 가슴 속 깊은 곳까지 전달된다. 다 먹고 나면 미나리, 표고버섯, 당근을 잘게 썰어 계란을 푼 뒤 죽을 만들어 내놓는데, 이 맛이 또한 일품이다.",
14,충남추천맛집,천안,한식,두목고기집,돼지고기특수부위,충청남도 천안시 서북구 불당5길 15,041-565-9293,"순 국내산 돼지고기 특수부위 전문점
전문가의 안목으로 골라 합격점을 받은 돼지고기 별미부위를 맛볼 수 있는 곳이다. 두 목 특수부위는 특히 콜라겐이 다량 함유되어 있어 피부미용, 관절, 탈모 등에 도움을 준다. 특수부위로는 두목살, 볼살, 하안살, 부채살 등이 있으며 직접 담근 된장, 고추장, 간장으로 토속의 맛을 내는 집으로 유명하다.",
15,충남추천맛집,천안,한식,큰댁,한정식,충청남도 천안시 서북구 성정중4길 30,041-555-8107,"상견례 장소로 유명한 고급한정식 맛집
전통한정식의맛을이어온큰댁은간장과소금을사용해전통의맛을지키고있는소 문난 한정식 음식점이다. 큰댁은 좋은 재료만을 선별하여 매일매일 장을 보며 신선한 재료만으로 음식을 제공하고 있다. 또한 인공조미료를 사용하지 않고 음식 고유의 맛과 향을 유지할 수 있도록 노력하고 있다.",
16,충남추천맛집,천안,일식,모미지,특생선회,충청남도 천안시 서북구 서부대로 427,041-592-0020,"싱싱한 활어회를 제공하는 전통 일식집
산지에서 직송된 신선한 활어회 만을 엄선하여 담백하고 깔끔하며 씹는 맛이 일품이다. 상견례 자리로 많이 이용되며1층과 2층 모두 룸으로 이루어져 있어 조용하고 한가로운 분위기에서 정통일식을 즐길 수 있는 이다. 정갈하고 푸짐한 상차림으로 다시 한번 찾게 만드는 맛 집이다.",
17,충남추천맛집,천안,한식,청룔원조매운탕,"민물새우매운탕, 메기매운탕",충청남도 천안시 서북구 입장면 성진로 1406,041-585-5598,"민물매운탕의진수를맛볼수있는곳
시원한 국물 맛이 일품인 민물새우탕을 한입 먹으면 민물새우가 톡톡 터지면서 매운 탕의깊은맛을느낄수있다.따끈한밥위에 한국자떠서 말아먹으면 시원한국물맛에 매료될 것이다. 민물새우는 가을이 제철이고 미네랄 칼슘이 풍부한 고단백 저칼로리 식품으로 타우린이 많아 간 해독에도 좋다.",
18,충남추천맛집,천안,한식,능물산장,"흑염소요리(육회, 수육, 전골)",충청남도 천안시 서북구 입장면 호당리 5번지 1호,041-587-4901,"자연과 함께 즐기는 최고의 보양식
자연에서 자란 흑염소 암컷만을 이용하여 손님들에게 제공하고 있다. 염소특유의 노린내를 제거하기 위해 갖가지 한약재와 염소뼈를 사용하며 24시간 가마솥에서 고아 내는 육수는 천하일품이다. 주변 성거산에서 방목해 자유롭게 뛰어다니며 약초와 풀을 뜯어먹고자란 흑염소는 웰빙식으로 최고의 식품이라해도 과언이 아니다. 맑은물이 흐르는 계곡과 맑은공기를 쐬며먹는 음식은 정말 최고의 보양식이라 할 수 있다.",
19,충남추천맛집,공주,한식,고마나루돌쌈밥,"돌쌈밥, 쌈정식",충청남도 공주시 백미고을길 5-9,041-857-9999,"백제의 전통향기를 맛볼 수 있는 곳
공산성이 훤히 보이는 위치에 자리한 고마나루 돌쌈밥 식당은 현대인의 건강식으로 꼽히는 각종 쌈과 영양 가득한 돌솥밥이 만나 조화를 이루며 식용꽃 쌈을 맛볼 수 있는 곳이기도 하다. 돌쌈밥은 계절에 따라 조금씩 바뀌는 다양한 쌈 채소와 주물럭돌쌈밥, 불고기돌쌈밥, 편육돌쌈밥, 오리훈제돌쌈밥, 오리주물럭돌쌈밥 등으로 메뉴가 다 양하다.",
20,충남추천맛집,공주,한식,귀빈식당,"산더덕정식, 산채정식, 청국장정식",충청남도 공주시 사곡면 마곡상가길 12,041-841-8027,"한번 맛보면 잊지 못할 맛의 진수!
공주의 대표 맛집으로 산채정식에는 25가지의 반찬이 나오며 계절에 따라서 나물이 바뀐다. 정식에 나오는 반찬 중에 깻잎장아찌가 있는데 된장에 박아 놓았다가 양념을 바른 맛이 특히 일품이다. 청국장은 국산콩 100%이며 직접 띄워맛과 향이 시골집에서 먹었던 진한 그맛 으로 시중에서 살 수 있는 청국장과는 맛이 전혀 다르다.",
21,충남추천맛집,공주,한식,도토리묵촌,"도토리묵밥, 도토리떡국",충청남도 공주시 관골1길 34-15,041-856-6963,"담백하고 영양이 듬뿍 담긴 도토리 요리
국내산 도토리와 콩으로 직접 묵과 두부를 요리하는 전통 묵요리 전문점이다. 도토리 는 저칼로리로 여성들의 다이어트에 좋으며 식감이 부드럽고 많이 먹어도 소화가 잘 되어 먹기가 참 좋다. 도토리로 만든 떡국은 도토리 향이 떡국에 그대로 배어있어 더욱더 구수하며 웰빙식품으로 미식가들이 많이 찾고있다.",
22,충남추천맛집,공주,분식,매향막국수,"맷돌평양냉면, 맷돌메밀막국수",충청남도 공주시 백미고을길 18,041-881-3161,"매일 아침마다 대형맷돌로 메밀을 직접갈아 만드는 집
공산성 백미고을에 위치해 있으며 메밀과 우리 밀을 현장에서 맷돌로 직접 갈아서 만든 평양냉면과 막국수는 면에 메밀고유의 향이 살아 있고 쫄깃하며 부드러운 맛을 자랑한다. 메밀은 탄수화물이 풍부하며, 단백질과 지방을 약간 포함한다. 또한 철분을 비롯해 니아신, 티아민, 리보플라빈 등 비타민B복합체가 많이 들어 있다. 외지에서도 많이 찾아올 정도로 소문난 맛집이다.",
23,충남추천맛집,공주,한식,새이학가든,"공주국밥, 석갈비",충청남도 공주시 금강공원길 15-2,041-855-7080,"역대 대통령들이 맛보았다는 전통의 공주국밥
60여 년 전통과 대를 이은 공주국밥 전문점으로서 옛 맛을 지키면서 젊은 세대도 즐 길수있는 국밥을 개발하여 관광객의 발길이 끊이지 않고 있으며 전직 대통령들이 찾았던 전통이 있는 유명한 집이다. 보통의 국밥이 밥과 국이 한 그릇에 담겨 나오는데 반해, 공주국밥은 국과 밥이 따로 나와서 ‘따로국밥’이라고도 하며 고육의 미각을 살 린 상차림으로 한결같은 인기를 누리고 있다.",
24,충남추천맛집,공주,한식,수정식당,"비빔밥, 버섯전골, 더덕구이","충청남도 공주시 계룡면 갑사로 476-16, 1층",041-857-5164,"향긋한 더덕구이와 버섯전골 전문점
수정식당은 계룡산에서 열리는 각종 행사소식과 아울러 자연과 어우러지는 여러가지 풍경사진과 계룡산의 사계를 볼 수 있다. 갑사 집단 상가에 위치한 업소로 그동안 수정식당을 이용한 유명인사의 친필사인과 사진이 식당 내 벽에 장식되어 있어 얼마 나 많은 미식가가 다녀갔는가를 입증하여주고 있다. 버섯전골, 산채비빔밥, 더덕구이 등 산채음식전문 식당이다.",
25,충남추천맛집,공주,한식,양반찜갈비,"갈비찜, 돌솥밥",충청남도 공주시 봉산길 20,041-855-7590,"맛있게 매운 양념갈비찜
돼지갈비에 고추장 양념을 하고, 김치와 함께 익혀낸 찜갈비로 명성이 높은 공주 맛집이다. 친정집에서 직접 농사지은 고춧가루를 사용하여 매콤하고 깊은 맛을 자랑하며 양념이 골고루 잘 저며져 있어 갈비와 양념이 찰떡궁합을 이룬다. 주인장의 비법이 담긴 고추장양념은 돼지갈비 본연의 맛을 살리면서도 잡냄새등을 잘 잡아 갈비의 맛을 북돋우는 역할을 한다. 묵은지는 직접 김치를 담가 익힌 것으로 양념을 아끼지 않아 넉넉하게 넣은 인심좋은 주인의 손맛을 볼 수 있다.",
26,충남추천맛집,공주,한식,어씨네본가,"장어구이, 참게매운탕",충청남도 공주시 반포면 창벽로 714,041-852-7372,"50년 전통 2대째 이어오는 전통의 맛집
시어머니로부터 그대로 물려받은 솜씨로 2대 50여년을 이어온 전통 있는 맛집으로 장어구이 양념재료는 계룡산자락에서 채취한 토종꿀이 들어가 깊은 맛을 더한다. 장 어는 비타민A의 함량이 뛰어나 옛날부터 보양, 강장식품으로 널리 알려져 있다. 특히 이 집의 장어구이는 특제양념을 골고루 묻혀가며 숯불에 구워 껍질이 바삭하고 살은 두툼하고 푹신하여 입소문을 듣고 먼 곳에서도 많이 찾아 온다. 참게매운탕은 암컷만으로 골라끓여 그맛이 진하다.",
27,충남추천맛집,공주,한식,태화식당,"더덕정식, 능이버섯전골",충청남도 공주시 사곡면 마곡상가길 10,041-841-6387,"전통문화를 보존해가는 명인이 끓여내는 맛의 진수!
50여 년간 3대째 내려오는 온고지신 전통문화 가정으로 2대 윤순옥씨는 한국전통음 식명감에 선정 수록된 전통명장이기도 하다. 능이버섯전골은 능이버섯을 비롯한 각 종버섯이들어가다양한버섯의 향과 맛을 한번에 즐길 수 있으며20여가지 각종 산채나물이 맛깔스럽게 반찬으로 나와 관광객이 자주 찾는 음식점이다. 언론에는 자주 방영되어 식당의 역사만큼 단골손님도 많다.",
28,충남추천맛집,공주,한식,장승마을식당,"돌솥밥 고추장숯불구이, 돌솥밥 청국장",충청남도 공주시 사곡면 유구마곡사로 1227,041-841-7728,"지역 농산품을 이용하여 정성껏 조리한 명품 업소
식당으로 들어가는 입구에서는 누구나 석쇠 위에서 고기를 굽는 모습을 볼 수가있다. 즉석에서 바로하는 음식으로 청국장 및 두부를 직접 만들고 돌솥밥 또한 그맛이 일품이다. 식사 후 장승마을 관광농원이 있어 관광객들이 많다.",
29,충남추천맛집,공주,한식,공주식당,"더덕정식, 산채비빔밥",충청남도 공주시 사곡면 마곡상가길 13-4,041-841-5913,"채소를 직접 재배하여 조리함
오염되지 않은 산과 들에서 나는 갖가지 산나물에는 특유의 향과 맛, 효능이 살아 숨 쉬고 있다. 그 향과 맛 을 한 그릇에 모두 담아 내는 산채비빔밥은 고추장을 한술 넣어 비비면 자연의 맛이 그대로 전해져 온다. 청 결하고 맛좋다고 소문난 공주식당은 손님이 끊이지 않 고 있다.",
30,충남추천맛집,공주,한식,주봉마을우렁촌,"우렁쌈장쌈밥, 우렁쌈장돌솥밥",충청남도 공주시 이인면 검바위로 712,041-857-0949,"한적한 시골마을에서 직접 재배한 채소와 우렁이를 맛본다
유기농 쌈채소와 우렁을 직접 재배하고 토속적인 맛을 지키기 위해 된장도 재래식으로 직접 담아서 사용한다. 우렁이는 저지방 고단백의 훌륭한 다이어트 식품이며 간에도 탁월하며 과음 후 해장음식으로 좋으며 쫄깃하고 담백한 맛이 각종 채소와 어우러져 그맛이 일품이다.",
31,충남추천맛집,공주,한식,소학장수촌,"누룽지백숙, 닭볶음탕, 쟁반막국수",충청남도 공주시 소학길 13,041-853-0555,"텃밭에서 직접 재배한 신선한 야채로 겉절이를 담아 백숙과 잘 어울림
소학장수촌은 공주 인근에서 누룽지백숙으로 유명세를 타는 맛 집이다. 뼈와 살이 쉽 게 분리될 정도로 푹 익힌 닭고기는 야들야들하면서도 고소하고 현미로 만드는 죽과 누룽지는 담백하면서도 구수하고, 매콤한 겉절이는 백숙과 조화를 이루어 그 맛이 일 품이다.",
32,충남추천맛집,공주,한식,백억관,"홍어회냉면, 산채비빔밥",충청남도 공주시 계룡면 양화새말길 41-4,041-852-0683,"지친 속을 풀어주는 화끈한 홍어회냉면
한적한 시골마을에 자리한 백억관은 홍어회냉면으로 유명하다. 물기 없이 무쳐낸 홍어회냉면은 매콤한 맛이 일품이며 한번 먹으 면그맛이자꾸생각난다.",
33,충남추천맛집,공주,한식,황태갈치전문점,"갈치, 고등어조림정식, 황태구이백반",충청남도 공주시 느티나무길 66,041-854-7707,"생선과 우거지의 환상적인 조화
오동통한 갈치와 고등어 우거지와 함께 조리해 그 맛이 일품이다. 구이뿐만 아니라 조림은 국물 맛이 좋아 배불 러도자꾸먹게만드는매력이있다.",
34,충남추천맛집,보령,일식,죽도보물섬식당,"자연산 활어회, 매운탕",충청남도 보령시 남포면 남포방조제로 408-91,041-931-9961,"아름다운 낙조와 함께하는 자연산 활어회
대천해수욕장과 무창포해수욕장 사이의 죽도라는 조그만 섬에 위 치하고 있다. 바닷가를 끼고 있으며, 보령의 아름다운 낙조를 보며 식사할 수 있는 곳으로 바다낚시꾼과 스킨스쿠버 다이버들이 즐겨찾는 곳이다.",
35,충남추천맛집,보령,한식,궁중수라상,"간장게장, 한정식",충청남도 보령시 신설1길 79,041-932-0708,"효소를 넣어 깔끔하고 담백한 간장게장
한정식 전문점으로써 충청남도의 자랑스러운 사업인 외식업 로컬푸드 인증제도인 ‘미더유’ 음식점에 대표로 선정된 보령의 맛집 궁중수라상이다. 항아리에 오랫동안 재료들을 숙성시킨 효소를 이용해서 천연 재료로 음식을 만들기 때문에 인공 조미 료나 향료 같은 건 쓰지 않는다. 항상 자연 그대로의 신선한 재료로 음식을 만들고 있다.",
36,충남추천맛집,보령,한식,도래죽전문점,"전복죽, 백합죽",충청남도 보령시 대해로 443,041-933-8000,"서해연안에서 채취되는 자연산 백합을 사용
서해연안에서 채취되는 자연산 백합을 재료로 사용하여 횟 감으로이용할뿐아니라,죽으로요리하여깊은맛을느낄수 있으며, 콜린, 다이신 효소가 다량 함유되어 있어 숙취에 좋다. 함께 맛볼 수 있는바지락칼국수는 엄청난양과 맛으로도 유명하다.",
37,충남추천맛집,보령,한식,산수림한정식,"한수림한정식, 미한정식, 수한정식, 수라정식",충청남도 보령시 옥마역길 85,041-933-8874,"성주산자락에서 맛보는 전통한정식
사방이 탁트인 성주산자락에 자리하여 격조 높은 분위 기와 정갈한 음식으로 많은 고객들로부터 호평 받고 있 는 업소로 바닷가재, 자연송이구이, 수수부꾸미, 장어구 이, 새뱅이탕 등 30여 가지가 넘는 전통 음식이 준비되 어 있다. 조경이 잘 되어 있고 전망이 좋아 식사 후 휴식 을 취하기 좋다.",
38,충남추천맛집,보령,한식,가든터,"굴밥정식, 굴물회",충청남도 보령시 천북면 홍보로 666,041-932-2989,"원기회복 최고 음식 ‘굴’
굴요리 전문점으로 충청남도에서 인정한 로컬푸드-미더유 인증업체로 인기 메뉴로는 굴밥정식과 굴 물회다. 굴밥정식을 주문하면 굴 물회와 굴 숙회, 굴회가 제공된다. 사장 님은이곳토박이로굴저장방식과음식을만드는데있어서여러가지경험을거쳤고, 그 노하우가 오늘의 맛으로 보답되고 있다. 주재료인 굴은 천북 굴만을 고집한다.
",
39,충남추천맛집,보령,한식,세영숯불갈비,"돼지갈비, 유기농쌈밥",충청남도 보령시 보령남로 9,041-932-2686,"숯불구이 한정식 전문점
A플러스 이상의 엄선된 최고육질의 고기를 사용하여 부드럽고 고소하며 감칠맛이나는 갈비를 맛볼 수 있는집이다. 고객감동을 최우선으로 하는 전통있는 업소로서 맛, 친절, 청결이 묻어있는 보령의 대표갈비집이다.",
40,충남추천맛집,아산,한식,아산정,"장어구이, 참게장",충청남도 아산시 인주면 아산만로 1608,041-533-9925,"한옥의 멋을 즐기면서 먹는 장어구이
1930년대 서울에 지어진 한옥을 그대로 옮겨온 아산정 장어구이집은 큰 기와집으로 대문을 열고 들어서면 아담한 정원이 가운데 있고 그 둘레로 고풍스런 객실이 나란히 있어 한옥의 멋을 즐기면서 먹는 장어구이 맛이 각별하다. 간장소스와 고추장을 발라 맛깔스럽게 구운 장어구이와 함께 소화와 해독에 좋은 여러 가지 산야초를 더하여 만 든 참게장이 일품이다.",
41,충남추천맛집,아산,한식,옛날돌집,"장어구이, 장어탕",충청남도 아산시 인주면 아산만로 1548번길 12,041-533-6700,"맛깔스럽고 담백한 장어구이의 명소
1976년 삽교천방조제 공사를 할 때 트럭에서 떨어진 돌을 손수레로 날라다 지은 집이 어서 상호도 돌집이고 어부생활을 했던 업소 사장님이 직접 잡았던 장어를 구워 팔던 때부터 유래되었다. 장어구이 양념은 장어의 본래 맛을 살려 차분한 맛이 특징으로 맛 깔스럽고 담백하다. 서해안 고속도로를 타고 아산만방조제와 삽교천방조제 사이에 있 는 인주장어촌 특화거리에 있는 이 집은 장어구이, 장어보양탕, 청국장 등이 맛있다.",
42,충남추천맛집,아산,한식,참숯 장어촌,"민물장어파김치전골, 장어구이",충청남도 아산시 인주면 아산만로1520번길 11,041-541-1255,"조리경연대회에서 금상을 수상한 맛 집
참숯장어촌 주인장은 허약한 체질로 인한 병을 장어 보양식으로 이겨낸 경험을 바탕 으로 식당을 개업했다고 한다. 보양식을 찾는 손님들이 많이 찾는 곳으로 2011년 아산 향토음식 맛자랑 전국 조리경연대회에서 금상을 수상한 맛집으로 파김치를 이용 한 장어전골은 참숯 장어촌에만 있는 특별한 메뉴다.",
43,충남추천맛집,아산,한식,현대생고기,"한우등심, 육회",충청남도 아산시 둔포면 둔포중앙로 180,041-531-3031,"육즙이 풍부하고 고소한 한우의 참맛
우선 신선한 한우만을 고집하여 날로 먹기 힘든 육회와 사시미의 제맛을 느낄수 있다.생고기를 숯불에 구워 먹는 한우등심은 고기가 신선하여 육즙이 풍부하고 고 소하며 부드러워 남녀노소 누구나 즐겨 찾으며 고기를 먹고난 후 먹는 칡냉면 또한 일품이다. 밑반찬까지 좋아 저렴한 가격에 맛깔스럽게 먹을 수 있어 항상 찾는 손님들이 많다.",
44,충남추천맛집,아산,한식,현대갈비,"생갈비, 생등심, 갈비탕",충청남도 아산시 충무로 8번길 9,041-545-7880,"40년 전통 한길만 걸어온 정직한 갈비의 맛
40년 동안 3대가 대를 이어온 전통 있는 갈비집이다. 엄선된 한 우만을 사용할 뿐 아니라 특유의 소스로 숙성 시킨 후 숯불을 이용하여 직화로 구워 먹는 맛이 일품이다. 온양온천역앞에 위치하여 온천욕을 즐기러 모여든 관광객들이 많이 찾는 소문난 맛집으로 저렴한 가격에 든든하게 먹을 수 있는 갈비탕 또한 인기이다.",
45,충남추천맛집,아산,한식,153갈비마을,"소갈비찜, 돼지갈비, 삼겹살",충청남도 아산시 남산로 55,041-542-8782,"갈비맛의 진수를 느낄 수 있는 곳!
1993년에 개업한 갈비 전문업소로 온양온천역에서 도보로 5분 거리에 위치해 있으며 일본 관광객들 사이에서 입소문이 먼저 나서 일본 및 동남아 등 외국인 관광객이 많이 찾아오고 있다. 자체 개발한 특별한 조리방법과 양념소스는 순한맛과 매운맛으로 선택하여 먹을 수 있고 육질이 부드럽고 담백한 갈비요리는 푸짐한 밑반찬과 함께 즐길 수 있다.",
46,충남추천맛집,아산,한식,낙원가든,"앉은뱅이갈비탕, 소양념갈비, 버섯생불고기",충청남도 아산시 음봉면 아산온천로 217-14,041-541-6866,"온천욕 후 즐기는 최고의 갈비탕
씨름선수도 한 그릇을 먹으면 일어서지못할 정도로 푸짐한 양과 맛 또한 뛰어난 앉은뱅이 갈비탕이 유명하다. 표고, 느타리, 팽이 등 다양한 버섯류와 야채, 그리고 비법의 육수로 끓여낸 전골식 식사는 온천욕 후 출출해진 허기를 달래주는 최상의 요리이다. 아산 스파비스 정문 앞에 위치하고 있다.",
47,충남추천맛집,아산,한식,하눌소,"고등어등심, 한우모듬, 갈비탕",충청남도 아산시 충무로 117,041-549-7979,"살살 녹는 토종한우의 참맛!
최고등급의 토종한우만을 취급하며 정육점도 같이 운영하여 신선하고 육질이 좋은 고기를 바로 맛볼 수 있으며, 그 맛을 잊지 못해 다시 찾는 고객들 사이에 입소문이 자 자하다. 모든 식재료는 국내산 우리 농산물만을 사용하며 넓고 깨끗한 실내와 맛깔스런 음식은 중요한 손님을 모시거나 가족단위의 식사에도 안성맞춤이다.",
48,충남추천맛집,아산,한식,선미네,"해물갈비매운탕, 해물닭볶음탕",충청남도 아산시 청운로 146번길 17,041-546-4391,"주인장의 손맛이 살아있는 명품 맛집
맛있는 음식에 대한 열정과 남다른 노력으로 항상 연구하는 맛집으로 온천욕 후에 즐기는 음식으로 MBC '찾아라 맛있는 TV'에 방영된 집이다. 대표메뉴인 해물갈비 매운탕과 해물 닭볶음탕은 푸짐하고 신선한 해산물과 닭 또는 돼지갈비를 넣어 끓이며 넉넉한 인심에 시원하면서도 깔끔한 맛을 자랑한다.",
49,충남추천맛집,아산,한식,소담,"대구탕, 한우꽃등심, 돼지석갈비",충청남도 아산시 충무로8번길 9-5,041-549-9222,"신선한 재료만을 사용한 최고의 국물 맛!
손맛이 좋은 사장님이 직접 주방에서 조리하여 맛이 변함이 없고 푸짐하며 모든 재료를 생물로 사용하는 특징이 있다. 고기종류도 냉동이 아닌 생고기를 사용해서인지 푸짐하고 시원한 국물 맛이 일품이다.",
50,충남추천맛집,아산,일식,설화일식,"설화모듬회, 생대구탕",충청남도 아산시 배방읍 배방로229번길 30-6,041-549-5525,"국내산 천연재료만을 고집하는 명품 맛집
18년 전통의 일식집으로 모든 식재료는 국내산만을 고집하며, 건강하고 신선한 바다의 맛으로 오직 고객의 건강과 입맛을 사로잡고자 연구하며 노력하는 집이다. 각종 야채에서부터 활어, 양념은 국내산만을 고집하며 조리시 화학조미료를 전혀 쓰지 않으며 모든 육수에도 천 연재료를 사용한다.",
51,충남추천맛집,아산,한식,여명회관 한정식,"영양돌솥밥정식, 영양연잎밥정식, 꽃게장정식",충청남도 아산시 충무로 8번길 16(온천동),041-534-7777,"천연재료만을 고집하는 한정식의 명가
지역에서 생산된 신선한 식재료를 사용하며 40여 가지 발효액을 이용해 음식을 조리하는 건강맛집으로 영양 돌솥밥, 연잎한정식 등 전 연령층을 아우르는 음식을 개발, 남녀노소 누가와도 즐겁게 식사할 수 있다. 2008년 아산시 향토음식경연대회 대상, 2010년 전국 향토음식 경연대회 대상 등 맛으로 승부하는 건강 맛집이다.",
52,충남추천맛집,아산,한식,붕어마을,"붕어찜, 민물새우메기탕",충청남도 아산시 송악면 송악로 647,041-547-2983,"전통을 이어온 우리의 맛!
신선한 국내산 식재료만을 사용하고 있으며 마을에서 재배한 쌀로 밥을 지어 밥에 윤기가 흐르며 찰지다. 주인장이 직접 주방에서 조리하여 맛에 변함이 없는것도 이집의 장점이다. 외암민속마을 부근에 위치하여 공기가 맑고 푸근한 인심에 넉넉한 여유가 있는 곳이다.",
53,충남추천맛집,아산,한식,연춘식당,"장어구이, 장어죽, 닭구이, 매운탕",충청남도 아산시 득산동 5번지,041-545-2866,"3대를 이어온 보양식
3대를 이어오고 있는 맛집으로 TV 등 언론에 많이 소개 되었고 손님이 오면 즉석에서 구워내는 것이 맛의 비법이다. 촉촉하고 부드러운 맛이 일품인 장어는 여러가지 영양소가 풍부하여 몸에 좋은 보양식이다. 아산시 신정호국민관광지에 위치한 장어구이 전문점으로 긴 세월의 맛과 멋이 호반의 낭만과 어우러진 맛집이다.",
54,충남추천맛집,아산,한식,이태은의 자연,"칠향계찜, 자연한정식",충청남도 아산시 배방읍 모산로 147,041-547-5885,"자연의 맛 그대로!
이집의 특징은 도라지, 생강, 파, 천초 등일곱가지 칠향기 부재료를 넣어서 끓여 오감을 만족시키는 전통조리법을 이용하고 있는 것이다. 2012년 아산전국향토 음식 조리경연대회 금상 수상에 빛나는 집으로 한국 식을 이끄는 100명의 조리인에 선정된 주인장은 담백 하면서도 정갈한 품격있는 한정식을 선보인다.",
55,충남추천맛집,아산,한식,토종산천,"옻닭, 엄나무백숙",충청남도 아산시 신정로 404-13,041-544-6911,"여름철 최고의 보양식
음식에 사용하는 옻 육수는 20~30년 된 옻나무만을 엄선하여 잘 말린 후 5시간이상 푹 다린 진한 옻물만을 사용하고 있으며, 토종닭도 직접 키워서 개월별, 크기별로 선별하여 음식의 재료로 사용하기 때문에 더욱 신선하고 맛있다. 전국 조리경연대회 대상 수상업소로 신정호국민관광지 인근에 있어 가족단위의 나들이객들이 많이 찾는다.",
56,충남추천맛집,아산,한식,청지기꽃게장,간장게장정식,충청남도 아산시 배방읍 배방로 219-4,041-533-7975,"밥도둑이라는 별칭답게 담백한 맛이 일품
간장게장정식으로 유명한 이 집은 속이 꽉 찬 꽃게만을 엄선하여 저염도의 전통비법으로 숙성하여 짜지 않고 비릿한 맛이 나지 않으며, 꽃게 고유의 맛을 간직한 밥 도둑이다. 신선한 재료를 사용해 특유의 단맛과 시원함을 맛볼 수 있다.",
57,충남추천맛집,아산,한식,어랑,"추어탕, 메밀냉면",충청남도 아산시 음봉면 아산 온천로 372,041-543-2378,"국물을 진하게 우려낸 보양식!
아산스파비스 인근에 위치하여 온천욕 전후 먹으면 좋은 보양식으로 추어탕이 일품이며, 메밀을 직접 반죽하여 즉석에서 기계로 뽑아 방짜 유기그릇에 담겨 나오는 메밀 냉면도 일품이다. 지역 농산물을 우선으로 사용하고 있으며 추어탕은 온천욕 전후 원기회복을 위해 먹으면 좋다.",
58,충남추천맛집,아산,한식,소나무,"무쇠솥영양밥정식, 불고기정식",충청남도 아산시 충무로 97번길 16,041-547-9598,"고향집에서 느낄 수 있는 어머니의 손맛
직접담근 토속된장, 3년 묵은김치, 직접재배한 신선한 나물과 갓 지은 영양돌솥밥이 일품이며, 된장찌개 등 소박하면서도 맛깔스런 상차림이 주는 감동을 느낄 수 있다. 개인 주택을 특별히 고치지 않고 한식당으로 운영함으로써 고향집에서 어머니가 해주시는 맛있는 음식을 먹는듯한 느낌을 받을 수 있다.",
59,충남추천맛집,아산,한식,흙두부집,"두부전골, 두부구이, 흑염소 전골",충청남도 아산시 송악면 송악로 19,041-544-2707,"전통방식으로 만드는 두부의 참맛
공기좋고 물 맑은 송악면에서 국산콩 만을 사용해 직접만든 두부를 철판에 구워 먹는 두부구이와 두부전골이 일품이며 직접 기른 채소로 차려진 웰빙 밥상으로 깔끔하다. 봉수산 올레길을 하산하면 꼭 들러야할 맛집으로 흑염소탕, 흑염소전골 등의 보양식도 맛볼 수 있다.",
60,충남추천맛집,아산,한식,가마솥두부명가,"두부명가정식, 청국장",충청남도 아산시 온주길 6-7,041-541-9789,"100% 우리 콩을 직접 갈아 만든 두부
음식에 대한 자부심이 대단한 가마솥두부명가의 주인 은 엄선된 국산 콩만을 사용하고, 매일 새벽에 가마솥에 끓여 만든 두부와 직접 띄운 청국장으로 건강한 음식을 만들고 있다. 또한 텃밭에서 직접 기른 채소와 갖가지 야채를 곁들여 매일 먹어도 물리지 않고 건강에 도움이 되는 음식으로 손님을 정성껏 모시고 있다.",
61,충남추천맛집,아산,한식,영인산마루,우렁쌈밥정식,충청남도 아산시 영인면 아산온천로 16-8,041-543-4778,"고칼슘 웰빙식품 우렁이 요리
영인산 휴양림 진입로 앞에 위치하여 인근 영인산 휴양림이나 아산 스파비스 등에 놀러오신 분들이 많이 찾는 맛집이다. 손님을 정성껏 모시는 마음으로 재료 하나하나 꼼꼼히 선별하여 소박하지만 맛깔스런 요리를 선보이는 전통 한식집이다.",
62,충남추천맛집,아산,한식,온천식당,"김치찌개, 만두전골",충청남도 아산시 시민로 234번길 8-6,041-541-1226,"손맛으로 유명한 김치찌개
잘 숙성된 맛있는 김치를 담기로 유명한 맛집으로 주인장의 노력이 음식 맛으로 고스란히 스며있다. 김치찌개에 두툼하게 썬 돼지고기를 넣어 시원하면서도 깔끔하며 남녀노소 누구나 좋아하는 맛이다. 2대째 운영해오고 있는 맛집으로 신선한 국내산 재료로 잘 담근김치를 주재료로 하고있다.",
63,충남추천맛집,아산,한식,장대감 더덕오리,"더덕 오리주물럭, 오리훈제",충청남도 아산시 시민로 207,041-545-58183,"최고급고기와 어우러진 유기농야채와 더덕의 조합
오리를 이용한 요리는 많지만 더덕을 곁들인 요리는 흔하지 않으며 게다가 더덕은 제주도산을 사용한다. 오리에 더덕구이까지 즐길 수 있어 맛과 건강을 함께챙기는 1석 2조의 효과이다. 또한 더덕오리주물럭 대신 훈제와 로스가 있어 아이들에게도 인기만 점이다. 1층은 방으로 나뉘어져 가족단위로 조용한 식사시간을 즐기기에 좋으며 2층은단체가 가능한 넓은홀이 있다.",
64,충남추천맛집,아산,양식,미쉘의 정원,"돈까스, 피자",충청남도 아산시 영인면 월선길 20-42,041-534-2580,"가족이 즐기기에 안성맞춤 메뉴
피나클랜드 안에 위치하고 있으며 25,000평 부지에 특색 있는 정원과 다양한 조형물을 갖추고 있다. 가족 나들이에 식사하기 좋은 곳이다.",
65,충남추천맛집,아산,한식,묵은지와 참두부,"묵은지찜, 두부전골, 두부김치",충청남도 아산시 영인면 토정로 216,041-542-5404,"우리 입맛에 딱 어울리는 집
직접 만든 두부와 직접 재배하여 담근 김치는 손님들에게 인기 있는 음식으로 알려져 있으며 투박한 질그릇에 담긴 반찬들도 맛깔나다. 참두부와 3년 된 묵은지, 토속적인 음식으로 맛도 꾸밈이 없이 정말 깔끔하고 개운하다.",
66,충남추천맛집,아산,한식,산과들묵집,"묵밥, 묵무침, 묵빈대떡",충청남도 아산시 외암로 931,041-541-7762,"도토리로 묵을 만들어 먹는 방법으로는 간장 양념을 끼얹어 먹는 것이 가장 보편적이다. 도토리 묵을 잘게 채로 썰어서 넣고 묵밥을 해 먹기도 하는데 이집에서는 특이하게 빈대떡으로도 부쳐 낸다. 100% 국산 도토리로 집에서 직접 분말로 가공, 묵을 만든다.",
67,충남추천맛집,아산,한식,정다운 연탄구이,"목삼겹살, 갈매기살",충청남도 아산시 도고면 기곡로 84번길 26-8,041-541-0799,"연탄과 고기와의 만남
도고온천 유황돼지를 사용하여 고기가 담백하며 쫄깃하고 연탄불에 구워 기름이 잘 빠져 고소한 맛을 더한다. TV나 인터넷에 많이 소개되어온 맛집으로 고기를 먹고 난 후 나오는 된장찌개 또한 일품이다.",
68,충남추천맛집,아산,한식,청정원참나무장작구이,오리장작구이,충청남도 아산시 배방로 295,041-534-9000,"참나무로 초벌구이한 최고의 식품
오리고기는 알칼리성 식품으로 먹으면 대사조절 기능 이높아져몸안에쌓인각종독을풀어준다.이집은최 고의 오리고기만을 사용하여 자연과 참나무 숯향이 배 어있는 곳으로 깔끔하고 넓은 공간으로 가족 모임에 적 절하다.",
69,충남추천맛집,아산,한식,둔포막창순대,"순대국, 막창순대",충청남도 아산시 충무로 1750-1,041-532-0276,"막창에 순대를 넣어 만들어서 식감과 맛이 뛰어난 집
재료가 떨어지면 장사를 하지않기로 소문난 전통있는 집으로 국밥의 국물은 어느 순대집보다도 육수가 진하고 고소하며 깍두기와 김치도 직접 담가 사용하고 있다.",
70,충남추천맛집,서산,한식,운산가든,"아구찜(탕), 불낙전골",충청남도 서산시 운산면 장벌4로 8,041-669-6060,"매콤, 새콤한 진짜 아구맛!
아구 특유의 고단백질의 흰 어육은 중풍의 원인이 되는 동맥경화 및 당뇨병의 예방에 좋으며 북어를 능가하는 주독해소 작용을 하고 무, 파 등의 야채와 함께 끓이는 이 집의 아구탕은 최고의 맛을 선사한다. 조용하고 정원이 넓어 편안한 식사를 할 수 있는 곳으로 많은 사람들이 찾고 있다.",
71,충남추천맛집,서산,중식,동명반점,"삼선짬뽕, 탕수육",충청남도 서산시 고운로 137,041-666-2532,"삼선짬뽕의 진정한 고수!
삼선짬뽕의 특징은 무엇보다 풍부한 해산물의 양이라고 할 수 있는데 이집은 신선한 해산물이 정말 가득하다. 면발은 쫄깃쫄 깃하고 국물은 정말 시원하다. 중화요리의 진정한 맛을 느낄 수 있는 집이다.",
72,충남추천맛집,서산,한식,재래식가든,"곤드레밥, 오리백숙, 토종닭백숙",충청남도 서산시 부춘4로 6,041-667-8860,"정성이란 양념이 들어간 최고의 맛!
봄부터 가을까지 모든 야채를 자신의 손으로 직접 키워 식재료로 사용하는 집으로 가마솥에서 푹 끓인 진한 사골국물에 조미료를 대신해 정성이란 양념이 들어간 백숙요리는 누구도 따라올 수 없는 맛을 낸다. 도시 인근의 한적한 곳에 자리하고 있어 운치를 더해준다.",
73,충남추천맛집,서산,한식,자매곱창,"곱창전골, 돼지갈비",충청남도 서산시 동서 1로 81,041-667-4566,"쫀득하고 고소한 곱창구이
구수한 맛의 곱창전골을 맛있게 하는 집으로 내장 특유의 쫄깃한 식감과 국물 맛이 정말 일품이다. 또한 육질이 연한 암돼지 갈비를 양념에 재어 잘 숙성시킨 후 참나무 숯불에 구워 특유의 비법으로 만든 소스와 함께 맛있게 먹을 수 있는 곳으로 소문난 업소이다.",
74,충남추천맛집,서산,한식,황해횟집,"생선회, 밀국낙지탕",충청남도 서산시 팔봉면 팔봉1로 752-2,041-662-6069,"부드럽고 담백한 활어회의 참맛!
쫀득쫀득한 회가 입에서 살살 녹는 횟집으로 새콤달콤한 갱개미무침 또한 유명한 집이다. 각종 회 종류와 얼큰한 매운탕은 누구나 즐길 수 있는 뛰어난 맛을 자랑하며 낙지요리 또한 항상 신선한 재료만을 고집하여 손님들이 즐겨 찾는 맛집이다.",
75,충남추천맛집,서산,한식,서해안해물맛집,"해물찜, 해물탕, 우럭매운탕",충청남도 서산시 시장3길 D동2층,041-665-5466,"서해안이 해물탕에 풍덩~
해물탕은 커다란 키조개와 여러 종류의 조개들, 꿈틀대는 낙지, 꽃게 등 그 속을 알 수 없을 정도로 푸짐하게 나온다. 서 산인근의 해산물이 모이는 동부시장에 위치하고 있어 철에 따라 나는 싱싱한 해산물을 넉넉한 인심과 함께 푸짐하게 드실 수 있다.",
76,충남추천맛집,서산,한식,서산촌닭,"오리백숙, 닭백숙",충청남도 서산시 율지16로 15,041-669-6122,"고단백, 저지방, 저콜레스테롤 식품의 토종백숙
백숙을 드시는분들마다 닭이 왜 이렇게 크냐고 물어보시는데 그 이유는 바로 주인이 농장에서 직접 기른 닭을 사용하기 때문이다. 토종닭은 고단백, 저지방이며 저콜레스테롤 식품으로 한국인의 식단에서 부족한 필수아미노산을 풍부히 가지고 있다. 무더운 여름철 서산촌닭에서 백숙으로 건강한 여름을 지내자!",
77,충남추천맛집,서산,한식,유대감생고기정육,"꽃등심, 갈비탕",충청남도 서산시 율지15로 20,041-665-7706,"국내산을 고집하며 고객의 건강까지 생각하는 집
맛있는 한우를 부담 없이 즐길 수 있는 곳으로 마블링 이 뛰어나고 육즙이 풍부하여 고소함과 담백한 맛이 일품이며 밑반찬 또한 정갈하고 깔끔하다.",
78,충남추천맛집,서산,한식,바다나라식당,"활어회, 매운탕",충청남도 서산시 대산읍 삼길포1로 34,041-669-4835,"국내산을 고집하며 고객의 건강까지 생각하는 집
자연산을 최우선하는 국내산 활어회로 싱싱한 회와 토종음식을 함께 곁들여 맛볼 수 있는 서산 최고의 횟집이다. 계절에 따른 반찬의 다양한 메뉴와 평소 다른 곳에선 볼수 없는 독특한음식들을 맛볼 수 있다.",
79,충남추천맛집,서산,한식,가야관,"한정식, 꽃등심",충청남도 서산시 명륜3길 24-35,041-667-6681,"전통한식의 맛을 계승한 한정식
한우 한정식 전문점으로 20여년을 변함없이 정갈한 맛과 정성스런 상차림으로 손님들을 맞이하고 있다. 놋그릇 식기와 신선한 재료를 이용한 상차림은 입맛과 눈길을 사로잡기에 충분하다. 넓은 주차장과 아늑한 실내 인테리어와 넉넉한 인심까지 있어 훌륭한 식사를 할 수 있는 곳이다.",
80,충남추천맛집,서산,한식,대도관,한정식,충청남도 서산시 부춘3로 19,041-666-0333,"한국의 맛을 제대로 살린 한정식집
서산에서 한정식을 드셔본 분이라면 누구나 아실만큼 이름난 한 정식의 명소다. 영양과 맛을 겸비한 한국인의 입맛을 제대로 살린 가장 한국적인 한정식집이라고 자부하고 있다. 또한 모든식재료에 대한 선별을 엄격히 하고, 이 식당의 고기는 농협을 통해 엄선된 한우만을 사용하여 안심하고 드셔도 무방하다.",
81,충남추천맛집,서산,한식,참살이장작구이,"등갈비바베큐, 오리바베큐",충청남도 서산시 남부순환로 175,041-681-9001,"참나무장작불에 익힌 등갈비 바비큐!
바비큐의 참 맛을 느낄 수 있는 장작바비큐전문점으로 삼겹살을 더덕에 하루잰 후 갖은 양념에 고추장 양념을 더한 후 즉석에서 구워내는 바비큐 맛은 정성과 열정이 담겨 있는 이곳만의 특색음식이며 맛과 영양이 가득한 청국장정식 또한 일품이다.",
82,충남추천맛집,서산,중식,강미루,"궁보계정, 북경식탕수육",충청남도 서산시 양유정1로 3,041-669-4938,"중국요리의진수를맛볼수있는곳!
색, 향, 미, 3요소의 조화를 중시하는 중국요리 전문점으로 외관부터 일반 중국집과는 차별화되고 직접 중국에서 공수해 온 물품들로 인테리어를 해서 한국에 있는 건지 중 국에 있는 건지 착각을 일으킬 정도다. 오시는 모든 손님에게 정성을 다하는 전통 중 국요리 맛집이다.",
83,충남추천맛집,서산,한식,소박한밥상,"연잎밥 정식, 된장찌개",충청남도 서산시 인지면 애정길 150-22,041-662-3826,"어머니께서 차려주신 정성 가득한 밥상
소박한 밥상의 모든 음식은 시골집 가마솥 부엌에서 직접 만들며 전통장류 및 장아찌, 조청 등도 직접 농사지은 농산물로 차린 소박한 상차림으로 손님을 맞이하고 있다. 인공첨가제나 화학조미료를 사용하지 않으며 우리 입맛에 맞게 정갈하고 담백한 음식으로 소문나 다시 꼭 찾고싶은 맛집이다.",
84,충남추천맛집,서산,한식,여미디미방,"깻묵된장백반, 한방백숙",충청남도 서산시 운산면 모정길 98-10,010-9920-7642,"구수한 깻묵된장의 맛을 볼 수 있는 곳
전통음식의 맛을 느낄 수 있는 집으로 모든메뉴는 마을에서 직접 재배한 식재료로 영양만점 신선한 밥상을 제공하고 있다. 향토음식인 닭볶음탕, 백숙, 순두부찌개, 깻묵 된장이 준비되어 있고 주문식단으로는 꽃게찜, 꽃게탕, 주꾸미샤브샤브, 주꾸미볶음 등이 있다. 그리고 여미문화센터 등이 있어 주말에 가족단위 체험관광지로 제격이다.",
85,충남추천맛집,논산,한식,소나무,"백합한정식, 국화한정식, 소나무한정식",충청남도 논산시 논산대로 357,041-735-7191,"임금님 수라상을 맛볼 수 있는 곳
소나무와 어우러진 전통한옥이 멋스러운 논산의 대표 한정식집으로, 아늑한 실내분 위기 속에서 맛깔스런 한정식이 코스별로 제공되는 업소이다. 직접 빚은 송편과 궁중식 탕평채, 소갈비찜, 매콤한 아구찜, 낚지볶음, 별미시래기알밥, 신선로, 삼색전, 들깨 소스 샐러드 등 계절별, 가격별로 다양한 종류의 음식과 맛깔스런 밑반찬, 구수한 된장찌개가 일품이다.",
86,충남추천맛집,논산,한식,사랑한소,"한우모듬스페셜, 한우불고기, 갈비탕",충청남도 논산시 시민로 210번길 14-8,041-732-0235,"우리 한우의 참맛!
논산시 육군훈련소 근처에 위치하고 있으며 친환경 한우인증농가에서 직접 구입, 유통, 판매하여 가격이 저렴하고 1등급 이상 국내산 한우를 식육처리기능사, 조리장이 직접 작업하여 한우의 다양한 부위를 최상의 맛으로 즐길 수 있다.",
87,충남추천맛집,논산,한식,돌체,"젓갈정식, 갈치정식, 한정식",충청남도 논산시 관촉로 3번길 13,041-732-3422,"정성과 사랑이 담긴 한정식
국내 최대 석불 은진미륵이 모셔져 있는 관촉사 아래에 위치한 30년 전통 한정식집으로 상다리 휘어지게 반찬이 나오며 인심 또한 최고이다. 간도 딱 적당하고 무엇보다 건강한 반찬들이 가득해서 맘에 쏙 든다. 좋은 재료와 오랜 경험에서 우러나오는 독특한 비법이 토속적인맛과 어우러져 다시 찾고 싶은 곳이다.",
88,충남추천맛집,논산,한식,돈가우가,"흑염소숯불갈비구이, 흑염소전골, 버섯불고기전골, 삼겹살",충청남도 논산시 계백로 725,041-736-3603,"맛과 영양의 절묘한 조화
최고의 재료만을 선택하는 곳으로 예로부터 보양식으로 널리 알려진 흑염소를 인근 농장에서 키워 항상 신선한 고기를 맛볼 수 있다. 충분한 실내공간과 넓은 주차장을 갖추고 있으며 찾아주시는 모든 분들이 행복해질 수 있는 곳이다.
",
89,충남추천맛집,논산,한식,황산옥,"생복탕, 생복찜, 웅어회",충청남도 논산시 강경읍 금백로 34,041-745-4836,"전통을지켜온그맛그대로!
강경의 자랑인 옥녀봉과 금강의 물줄기가 한눈에 보이는 곳에서 3대째 이어온 90년 전통의 감칠맛 나는 웅어, 복어전문점이다. 또한 집에서 담근 고추장, 된장, 간장을 사 용하기 때문에 매운탕 맛이 깔끔하고 개운하다. 금강에서 잡히는 멸치과에 속하는 웅어를 각종 양념에 무쳐 먹는 웅어회는 쫄깃쫄깃 씹히는 맛이 고소하고 향긋하다.",
90,충남추천맛집,논산,한식,태능초가집갈비,"돼지갈비, 한우등심, 생삼겹살, 불고기전골",충청남도 논산시 중앙로 398번길 7-7,041-732-2111,"시원한 냉면과 함께 즐기는 갈비의 진정한 맛
논산훈련소에서 15분 거리에 20년 동안 오직 갈비와 냉면에만 정성을 쏟아온 음식점으로 단체연회석과 쾌적한 실내분위기, 친절하고 변함없는 서비스로 손님을 맞이하는 집이다. 과일양념 돼지갈비는 부드럽게 씹히는 맛이 한번 먹으면 다시찾게 되는 잊을 수 없는 맛이다.",
91,충남추천맛집,논산,한식,보은집,"갈치조림정식, 갈비찜정식, 간장게장정식",충청남도 논산시 연무읍 감바위로 30번지 630-6,041-741-6960,"갈치조림의 참맛과 꽃게장 요리의 진수!
논산의 관문인 호남고속도로와 논산훈련소 길목에 위치하고 있으며 어머니로부터 맛을 물려받은 40년전통의 업소로 제주 은갈치조림의 참맛을 즐길 수 있는 곳이다. 계절에 맞는 밑반찬이 입맛을 자극하며 정성이 듬뿍 담긴 최고의 맛집이다.",
92,충남추천맛집,논산,한식,산애들애,"바비큐오리, 바비큐삼겹살, 바비큐소시지",충청남도 논산시 상월면 대촌4길 81,041-733-7651,"자연과 함께하는 한정식의 진미
전통한옥에 작은 연못과 야생화 등이 어우러져 있고 계룡산 천황봉 국사봉이 병풍처럼 한눈에 펼쳐져 보이는 곳으로 상견례, 돌찬치 등 귀한 손님을 모시기에 좋은 곳이다. 음식은 화학조미료를 일체 사용하지 않는 약선 한정식을 손님에게 제공한다.",
93,충남추천맛집,논산,한식,만복정,"매화한정식, 만복한정식, 란한정식",충청남도 논산시 상월면 대촌4길 81,041-733-7651,"자연과 함께하는 한정식의 진미
전통한옥에 작은 연못과 야생화 등이 어우러져 있고 계룡산 천황봉 국사봉이 병풍처럼 한눈에 펼쳐져 보이는 곳으로 상견례, 돌찬치 등 귀한 손님을 모시기에 좋은 곳이다. 음식은 화학조미료를 일체 사용하지 않는 약선 한정식을 손님에게 제공한다.",
94,충남추천맛집,논산,일식,어전횟집,"참치회, 생선회모듬, 초밥, 매운탕",충청남도 논산시 시민로 194번길 11-5,041-736-0990,"신선하고 맛깔스러운 정통일식 요리
서울에서 참치집을 운영한 노하우와 일식조리 경력 20 여년의 경험을 바탕으로 노량진 등에서 공급하는 신선 한 재료로 음식에 최선을 다하는 곳으로 미식가들의 입맛을 사로잡고 있다. 시청 앞에 위치하여 교통 및 찾기가 편리하며 깨끗하고 아늑한 실내에서 편안하게 식사 할 수 있는 곳이다.",
95,충남추천맛집,논산,분식,남촌칼국수,"해물칼국수, 개성왕만두, 개성보쌈, 콩국수",충청남도 논산시 강경읍 금백로 95,041-745-3216,"쫄깃한 면발과 시원한 국물의 만남!
열무물김치와 바로 담은 싱싱한 배추김치를 쫄깃한 면발에 함께 먹는 맛이 일품이다. 먼저 보리밥에 열무김치를 비벼먹으면 그 맛 또한 깔끔하다. 금강둔치변에 위치하고 있으며 넓은 주차장, 쾌적한 실내분위기에서 식사할 수 있는 곳이다.",
96,충남추천맛집,논산,한식,계모의행복한밥상,"황기탕, 오계전복백숙, 누룽지백숙, 만삼탕",충청남도 논산시 연산면 화악길 62,041-735-0707,"임금님께 진상하던 명품 보양식
연산오계는 조선시대 임금님께 진상하던 논산지역특산물로 동의보감에 약효가 상세히 기록되어 있는 대표적 보양식품이다. 천연기념물 연산오계를 맛볼 수 있는 국내 유일의 식당으로 오계전복백숙 및 황기탕은 한 끼 식사라기 보다는 보양식에 어울리며 오계의 뼈에서 나오는 진한국물이 일품이다.",
97,충남추천맛집,계룡,한식,연화식당,"한방오리백숙, 닭볶음탕, 삼계탕",충청남도 계룡시 엄사면 연화동길 27,042-841-2677,황기를 넣고 한방재료로 국물을 우려내 고기를 연하게 하여 한번가면 또 가고 싶은 식당으로 토종닭 육질 자체가 탱탱하고 쫄깃하기로도 유명하다. 특히 한방오리백숙은 몸에 좋은 한약재로 만들어 더운 여름철 원기회복에 아주 그만이며 보약을 먹는 느낌이다. 사장님의 구수한 사투리와 넉넉한 인심은 음식의 맛을 더 해준다.,
98,충남추천맛집,계룡,한식,농가맛집 마음자리,"마음자리한정식, 장아찌비빔밥, 홍합밥, 굴밥",충청남도 계룡시 엄사면 광석향한길 218,042-551-4996,"어머니의 손맛이 제대로 배어 있는 곳
우리 콩만을 사용하여 햇볕과 바람으로 숙성시켜 깊은 맛이 특징인 된장을 주재료로 하고 있으며 전통된장과 한약재를 넣어 삶아낸 돼지고기와 직접 만든 손두부에 계절샐러드, 다양한 장아찌를 곁들인 한정식집이다.",
99,충남추천맛집,계룡,한식,회동,"전복해천탕, 전복삼계탕",충청남도 계룡시 엄사면 연화동길 19,042-841-1254,"보약한첩이 부럽지 않은 명품 보양식
전복삼계탕과 전복해천탕이 유명하고 장시간 가마솥에서 우려낸 진한 육수는 보약 한 첩과 진배없는 영양식으로 그 맛이 환상적이다. 친절하신 사장님은 계룡에서 뿐만 아니라 인근 다른 지역에서도 불우이웃돕기 행사 등을 많이 하고 있으며 어려운 분들께 무료식사제공도 하고 있다.",
100,충남추천맛집,계룡,한식,신도안오리,"한방삼계탕, 훈제오리, 오리로스",충청남도 계룡시 장안로 31,042-551-5192,"황제도 부럽지 않은 최고의 보양식
오리의 담백함과 신선한 해물 그리고 한방 약재료로 만든 한방 황제탕은 최고의 보양식으로 유명하다. 계룡에서 꽤 큰 규모를 자랑하며 맛깔스런 밑반찬도 최고다.",
101,충남추천맛집,계룡,한식,신도리한우촌,"한우꽃등심, 육회, 곰탕, 갈비탕",충청남도 계룡시 엄사면 번영11길 4-57,042-841-7748,"순수 국내산 생고기만을 고집하는 한우촌
토종한우생고기만을 고집하는 집으로 신선한 육질의 한우를 비교적 저렴한가격으로 맛볼 수 있다. 장 뿐만 아니라 수십가지의 효소를 직접 만들어 천연재료로 사용 하고 있으며 그 감칠맛 때문에 꼭 다시 찾고싶은 맛집이다.",
102,충남추천맛집,계룡,한식,콩밭가인,"두부보쌈, 굴순두부, 콩국수",충청남도 계룡시 새터산길 12,042-841-6776,"최고의 한국 전통식당!
두부는 콩이 가지고 있는 풍부한 영양소를 더욱 강화시 키고 콩의 특성을 최대화한 우리 전통 고유의 영양식품 으로 가장 일반적이고 대중적인 음식이다. 콩밭가인은 한국전통건강식품의 고급화 및 대중화에 앞장서서 끊임없는 연구를 통해 콩요리 전통의 맛을 개발하고 표준 화하여 최고의 맛과 최상의 서비스를 제공한다.",
103,충남추천맛집,당진,한식,고맛참,"갈비살, 꽃등심, 꽃게장",충청남도 당진시 계성3길 44-47,041-357-5665,"숙성된 최상급 한우암소와 간장게장
독특한 이름으로 관심을 끄는 이곳은 국내산 최상급 한우암소를 숙성시켜 더욱 맛 좋고 부드러운 생고기를 맛볼 수 있는 맛집이다. 특히 숙성시킨 고기는 육질이 부드럽고 육즙이 많이 나와 입맛을 자극한다. 또한 신선한 서해안 암꽃게를 선별하여 깊은 장맛과 적당한 숙성으로 탄생시킨 간장게장은 고맛참만의 자랑이다.",
104,충남추천맛집,당진,한식,동가,한정식,충청남도 당진시 고재봉길 14-5,041-355-0445,"정갈한 한정식과 신선한 생고기
직접 담근 고추장, 된장과 국내산 한우만을 사용하는 동 가의 음식은 신선하고 좋은 재료에서오는 믿음으로 먹을 때마다 건강해지는 느낌을 주는 요리이다. 즐거운 가족나들이부터 비즈니스 모임까지 음식이 아름다운 곳으로 드시는분을 배려한 정성이 가득한 한국의 맛과 멋이 있는 곳이다.",
105,충남추천맛집,당진,한식,당진제일꽃게장,간장게장백반,충청남도 당진시 백암로 246,041-353-6379,"신선한 제철꽃게를 사용하여 신선하고 담백한 맛이 일품
오랜 전통을 자랑하는 꽃게장 전문점으로 흔히 게장을 배달시켜 보면 예상과 달리 그 속이 허해 실망하기 일쑤인데, 이집의 게장은 알이 꽉 차 그 속이 실하기로 유명한 집 이다. 그러다 보니, 게장 배송해 주는 집으로도 입소문이 자자하다. 이집의 꽃게장은 너무 짜지도 않고 너무 달지도 않은 것이 ‘어쩜 이렇게 간을 딱 맞췄을까’ 싶을 정도로 입에 착착감기는 것이 ‘역시 밥도둑 맞구나’하는 생각이든다.",
106,충남추천맛집,당진,한식,길손가든,"오리정식, 오리백숙, 닭백숙",충청남도 당진시 합덕읍 예덕로 187,041-362-2496,"일부러 찾아 먹으라는 최고의 보양식
오리고기는 단백질이 풍부하고 아미노산 조성이 우수한 것이 특징이다. 허약한 몸을 회복해주는 보약의 효과를 가지고 있는 오리고기에 직접 담근 포도주를 이용한 소스를 사용하여 환상의 궁합을 만들어 내는 업소로 오랜 기간 동안 오리요리만을 고집한 전통 맛집이다.
",
107,충남추천맛집,당진,한식,국제가든,붕어찜,충청남도 당진시 합덕읍 조정이2길 55,041-362-2496,"민물매운탕의 참맛을 느낄 수 있는 곳
생선은 옛날방식을 고수하여 1시간가량 갖은 양념을 가미하여 조리하며, 콩을 이용하여 비린 맛을 제거한다. 친절하고 푸근한 사장님의 인상처럼 내 가족과 함께 먹을 음식을 만든다는 생각 으로 정성을 다하여 요리하고 있다.
",
108,충남추천맛집,당진,한식,우렁이박사,"우렁쌈장, 우렁덕장, 우렁찜장",충청남도 당진시 신평면 서해로 7439,041-362-9554,"옛맛, 우렁쌈장을 그대로!
우렁이는 자연이 인류에게 선사한 전설적인 영양식품 으로 전해진다. 순수 유기농법을 겸한 자연 그대로의 논에서 자란 우렁이를 사용, 특히 칼슘이 많이 들어있어 건강식품으로 미식가들이 즐겨 먹는 고급음식으로 알려져 있다. 직접 양식한 우렁이와 전통된장을 이용해 맛과 전통을 느낄 수 있는 집으로 네티즌들이나 관광객들 사이에 입소문이 자자하다.",
109,충남추천맛집,당진,일식,왜목회타운,"활어회, 해물탕",충청남도 당진시 석문면 왜목길 26,041-352-9661,"자연과 함께하는 싱싱한 활어회
서해안 유일의 해가 뜨고 지는 마을인 왜목마을에 위치 하고 있으며 시원하고 개운한 우럭 맑은탕이 일품인 집 이다. 각종 활어회를 전문으로하며 싱싱한 회와 매운탕, 돌솥굴밥, 간제미무침, 실치회 등이 유명하다.",
110,충남추천맛집,당진,일식,태공수산,"우럭회, 간재미무침",충청남도 당진시 석문면 왜목길 35,041-353-6545,"서해안 일몰과 함께하는 즐거운 요리
당진시 왜목마을에 있으며 싱싱한 회도 맛볼 수 있고 바로앞에 바다가 있어서 입뿐만 아니라, 눈과 마음까지 즐거운 집이다. 30가지 이상의 밑반찬이 다양하게 나오며 매일 매일 싱싱한 회가 제공된다.",
111,충남추천맛집,당진,일식,등대횟집,"실치회, 간재미무침",충청남도 당진시 석문면 장고항로 301,041-353-0261,"싱싱한 실치회의 풍미를 느낄 수 있는 곳
4~5월 사이에만 맛볼 수 있는 싱싱한 실치회의 풍미를 느낄 수 있는 곳으로 비린내도 거의 없고 아주 담백하면서 고소한 맛은 당진의 별미라 불리우기에 부족함이 없다. 왜목마을에 인접한 조용한 바닷가에 위치고 있으며 가족나들이에도 좋은 곳이다.",
112,충남추천맛집,당진,일식,거북이횟집,"활어회, 조개구이",충청남도 당진시 석문면 석문해안로 19-22,041-353-0765,"눈과 입이 즐거운 곳!
왜목마을의 전경이 한눈에 보이며 가장먼저 눈이 즐거운곳으로 신선한회 그리고 조개구이의 맛을 상승시켜준다. 특히 4계절 다양한 종류의 어패류 등을 신선하게 접할 수 있고 철에 따라 변동되는 30여 가지에 달하는 밑반찬들은 석화, 전복, 굴, 새조개, 개불, 멍게, 낚지, 해삼, 키조개 등 다양하다.",
113,충남추천맛집,금산,한식,박가네집,"한우구이, 설렁탕, 떡국, 삼겹살",충청남도 금산군 금산읍 남사직6길 33,041-753-8033,"육질이 뛰어난 한우요리 전문점
정육점을 운영하고 있어 직접 도축을 한 신선한 한우만을 고집하여 구이용으로 제공하고 있으며, 한우를 이용하여 직접 육수를 낸 설렁탕과 떡국 맛이 일품이다. 오직 한우만을 21년째 고집하고 있으며, 깨끗하고 넓은 실내공간과 함께 늘 웃음으로 고객을 맞이하는 사장님과 종업원들의 친절서비스가 돋보이는 집이다.",
114,충남추천맛집,금산,한식,마달피가든,"인삼어죽, 민물송어, 민물매운탕",충청남도 금산군 제원면 용화로 272,041-754-7123,"금강 상류에서 찾은 만점 영양식
금강 상류에 위치하고 있으며 인삼어죽은 쏘가리 등 민물고기에 인삼을 가미하여 생선죽을 만든 금산의 전통 특색음식이다. 깨끗한 금강 상류에서 잡은 민물고기를 깨끗하게 손질하여 푹 삶은 후 금산인삼과 각종 몸에 좋은 재료를 넣어 만든 여름철 보양식으로 비린내가 나지 않는다. 경관이 수려하여 휴식처로도 손색이 없다.",
115,충남추천맛집,금산,한식,너구리의피난처,"해물수제비, 비빔밥, 파전",충청남도 금산군 금성면 적우실길28,041-753-3290,"자연과 향토음식점의 만남
우리 밀을 활용하여 만드는 해물수제비는 그 맛이 일품이며, 두툼하게 부쳐내는 따뜻한 해물파전은 다른 곳과는 차원이 다른 맛을 내고 있는 집이다. 목재를 활용하여 건축한 업소로 입구에 걸린 풍경과 민속품들, 2층으로 이어지는 인테리어가 보기 좋다.",
116,충남추천맛집,금산,한식,금산원조김정이삼계탕,"삼계탕, 특삼계탕, 특전복삼계탕",충청남도 금산군 금산읍 인삼약초로 33,041-752-2678,"금산에서만 맛볼 수 있는 아주 특별한 삼계탕
수삼센터 입구에 위치하여 인삼약초시장에서 접근하기 용이하며 2대가 함께 영업을 하고 있는 업소로 금산의 인삼음식을 대표하는 업소이다. 한방보약(인삼, 황기, 대추, 감초, 천궁 등) 각종한약재와 함께 닭을 넣어 푹 고아 만든 보양식으로 그 맛이 일품이다.",
117,충남추천맛집,금산,한식,황금오리알,"오리주물럭, 오리한방백숙, 추어탕",충청남도 금산군 추부면 다복로 696,041-752-0114,"오리요리에 정성을 보태면 보약이 된다
추부의 유명한 깻잎을 곁들이는 오리주물럭과 금산의 한약재를 활용한 한방오리백숙, 미꾸라지를 푹 고아 만든 추어탕 등 보양식으로 유명한 금산의 특색음식점이다. 맛을 찾는 사람들의 입소문을 통해 알음알음 찾아와 오리고기의 참맛을 볼 수 있는 곳으로 유명하다.",
118,충남추천맛집,금산,한식,청풍명월,"인삼어죽, 매운탕",충청남도 금산군 제원면 낙안길 6,041-752-1920,"금강의 맑은 물소리와 함께하는 명품 어죽
아름다운 경치 속에서 식사를 할 수 있는 곳으로 고추장양념을 풀어 뚝배기에 푹 끓여낸 매운탕은 부드럽게 씹히는 메기살이 일품 이며, 도리뱅뱅은 달콤하고 고소하여 많이 찾는 메뉴 중의 하나이 다. 넓은 객실 및 주차공간도 충분히 확보되어 있다.",
119,충남추천맛집,금산,한식,채담,채식뷔페,충청남도 금산군 추부면 검한1길 156,041-751-7731,"유기농 야채를 이용한 채식뷔페
잠시 시간이 멈춘 듯 고요와 평화가 푸르른 나무들과 맑은 호수에 펼쳐진 하늘물빛정 원에 위치하고 있으며 자연을 벗 삼아 여유로운 식사를 할 수 있는 곳이다. 화학 조미료, 육류, 생선류, 유제품을 배제한 순수 채식음식 전문뷔페로 건강한 생활을 이어나가길 원하는 사람들에게 제격인 식당이다.",
120,충남추천맛집,금산,한식,조무락,"일반한정식, 인삼한정식",충청남도 금산군 금산읍 비범1길 26,041-752-5656,"금산에서만 맛볼 수 있는 특별한 인삼한정식
음식전체에 인삼과 약초를 이용하여 화학조미료를 쓰지 않고 효소를 사용한 음식을 제공하고 있다. 철저한 예약제를 하는 업소로 사전 예약 없이 는 식사를 할 수 없으며, 인삼?약초 에 대한 해박한 지식과 음식연구를 통해 특별한 인삼음식을 드실 수 있는 곳이다.",
121,충남추천맛집,부여,한식,e-민물장어하우스,"민물장어구이, 민물장어탕",충청남도 부여군 규암면 백제문로 304번길,041-833-3900,"스테미너 보양식 장어구이
민물장어는 체내에 콜레스테롤 수치를 낮추어 주는 역할을 하며 동맥경화를 예방하고 칼슘이 풍부해 골다공증 예방에도 좋다. 씹히는 촉감이 탱탱하고 쫄깃거리며 담백 하여 쉽게 질리지가 않는다. 이 집의 민물장어는 국내산만을 사용한다.",
122,충남추천맛집,부여,한식,나경버섯농장,"버섯전골, 버섯샤브샤브",충청남도 부여군 석성면 비당리 817,041-836-0039,"어머니의 손맛과 추억이 있는 농가 맛집
총 9가지 이상의 버섯이 들어가는 버섯전골이 유명하며 고기를 전혀 사용하지 않고 채수로 간을 맞춰 깔끔하다. 대부분의음식재료는직접농사짓거나인근지역식품으로 차려내는 계절밥상이기에 제철에 건강하게 먹을 수 있는 상차림이다. 미리 말하는 경우 농장에서 직접 딴싱싱한 버섯도 구매할 수 있다.",
123,충남추천맛집,부여,한식,서동한우,"한우특수부위, 육회, 한우불고기",충청남도 부여군 부여읍 성왕로 256,041-835-7585,"깊은시간이 만든 우리한우의 참맛
건조숙성육을 개발한 주인장은 늘 고객의 건강을 위하여 보다 질 좋고 맛좋은 고기를 연구하고 있다. 한우 암소만을 사용하는 서동한우는 건조숙성을 통해 고기 맛을 농축 시켜 맛의 깊이를 더하여 고소한 감칠맛과 치즈 향이나 부여에 오신 손님이면 꼭 백마강 황포돛배를 타듯 서동한우 만큼은 꼭 맛보고 가야만 하는 소문난 맛집이다.",
124,충남추천맛집,부여,한식,그집에가면,"비빔밥, 알밥, 수육",충청남도 부여군 부여읍 금성로 39,041-834-0347,"엄마의 손맛이 그리울 때면 생각나는 맛집
맛이 깔끔하고 정갈한 비빔밥은 주인장이 직접 담근 장과 고추장을 사용하여 제철 먹거리로 토속적이며 맛깔스럽게 내놓고 있다. 또한 뚝배기 불고기는 한우고기에 과일 소스를 첨가하여 특유의 맛을 내고 있는데 주문음식(도시락) 및 집안행사 음식과 선물 음식을 주문받기도 한다.",
125,충남추천맛집,부여,한식,장어촌,장어구이,충청남도 부여군 부여읍 궁남로 6-1,041-834-6614,"백마강장어의 진수를 맛볼 수 있는 집
이곳의 장어구이는 오랜 시간 축적된 노하우로 5가지 한약재와 장어뼈, 머리를 이용해 우려낸 진한 육수로 만든 양념장을 사용해서 그 맛이 깊고 진할 뿐만 아니라, 장어의 효능까지도 높여 준다고 한다. 친환경 웰빙 원적외선 전기로스터 설치업소로 보다 부드러운 장어를 맛 볼수 있다.",
126,충남추천맛집,부여,한식,터전,"청돼지, 돌돼지, 토마토 청국장",충청남도 부여군 규암면 흥수로 771,041-834-7794,"전국 최초로 개발한 토마토 청국장
이곳 청돼지 메뉴는 청국장과 돼지고기 두루치기의 만남으로 찰떡궁합의 맛이다. 청돼지는 세계 10대 식품의 하나인 토마토를 넣어서 만든 청국장과 돼지고기를 토마토에 숙성시켜 두루치기 한 메뉴다. ‘토마토 청국장’ 기술을 최초 이전받은 신지식인 맛집으로 그 맛이 청국장 고유의 맛을 살리면서도 동시에 토마토의 기능적 효과도 살렸다.
",
127,충남추천맛집,부여,한식,백제고을누릉지백숙,누룽지백숙,충청남도 부여군 부여읍 정림로 96,041-835-8353,"정성으로 빚은 최고의 보양식
백제고을 누릉지 백숙은 녹두, 현미 찹쌀 등 12가지 한약재 로 푹 삶아 낸 백숙으로 양념된 누룽지 죽과 함께 매우 부드러워 노약자, 어린이 보양식 메뉴로 매우 인기가 많다. 특히 구수한 가마솥 누룽지 맛은 자꾸 그리워지는 어머니 손맛과 같다고 해도 과언이 아닐 정도다.",
128,충남추천맛집,부여,한식,청사뜰,"대구탕, 코다리찜",충청남도 부여군 부여읍 서동로 37번길 30,041-834-1281,"깔끔한 국물이 생각날 때 찾고 싶은 집
청사뜰 대구탕은 얼큰하면서도 뒷맛이 깔끔한 국물과 두툼하고 담백한 생선살이 일품이다. 특히 코다리 찜은 명태를 반 건조한 것인데 매콤하게 양념 한 것을 쪄내어서 식감이 쫄깃하고 매우 고소하며 다양한 밑반찬과 함께 맛있게 즐길 수 있다.",
129,충남추천맛집,서천,일식,바다횟집,"모시복찜, 전복찜",충청남도 서천군 장항읍 장산로 609,041-956-7932,"바다의 향기가 그대로
이 집의 전복찜은 건강에도, 숙취해소에도 좋고 매콤 달콤하여 그 맛이 일품이다. 동의보감에는 눈건강에 탁월한 효능을 가지고 있다고 기술하고 있으며, 항산화작용과 미용에 뛰어난 효과가 있다고 한다. 그리고 각종해산물과 회의 풍부한 맛을 느낄 수 있으며 신선함은 기본이다.",
130,충남추천맛집,서천,한식,구미가,단호박훈제오리,충청남도 서천군 서천읍 서천로232번길 9,041-953-0005,"단호박이 품은 훈제오리
특별히 맛있는 단호박 요리를 만들기 위해서 농장에 직접 의뢰한 재료들로 만드는 음식으로, 오리가 좋은 건 누구나 알고 있는 사실이지만 이 오리를 조금 더 맛있게 먹을 수 있도록 주인이 직접 개발한 요리이다.",
131,충남추천맛집,서천,한식,청송회관,"한정식, 돼지갈비",충청남도 서천군 비인면 비인로 145,041-952-3355,"부담없이즐길수있는맛의향연
2만5천원으로 맘껏 즐길 수 있는 육회와 생선회는 몇 번이고 리필이 가능하며 그 맛 또한 변함없어 많은 손님들이 찾는 곳이다. 30년째 그 명성과 맛을 유지 해오고 있는 이 식당은 기본밑반찬들을 낸다기보단 요리를 선보이는듯 많은 음식들의 향연이 펼쳐진다.",
132,충남추천맛집,서천,분식,덕수궁해물칼국수,"해물칼국수, 왕만두",충청남도 서천군 마서면 장산로855번길 5,041-951-7066,"국내 최고의 맛을 자랑하는 칼국수
서천 금강하구둑 놀이공원 내에 위치하고 있으며 음식에 들어가는 모든 재료를 국내산만을 사용하여 전통적인 방법으로 끓여 칼국수 특유의 깔끔하고 담백한 맛을 그대로 즐길 수 있다. 또한 매일매일 서천에서 나오는 해산물만 골라 이 집만의 독특한 양념을 얹어 칼국수만의 느낌을 더욱 더 느낄 수 있도록 만들었다. 해물칼국수의 자부심과 사장님 내외분의 친절함이 돋보이는 식당이다.",
133,충남추천맛집,서천,한식,섬마을횟집,"꽃게장, 꽃게무침, 간장게장",충청남도 서천군 서면 서인로 576,041-951-9918,"바다 풍경과 어우러진 서해안 최고의 꽃게장
우리지역 서해안에서 나는 살이 통통하며 알이 꽉차있는 봄꽃게만을 골라 음식을조리하므로 꽃게 특유의 단맛과 고소함을 느낄 수 있다. 춘장대해수욕장의 멋진 풍경과 함께 하는 꽃게요리는 바닷가의 추억을 더욱 특별하게 만들어 준다.",
134,충남추천맛집,청양,한식,다미,"돌솥 한우불고기 정식, 돌솥 다미 정식",충청남도 청양군 청양읍 칠갑산로 156,041-942-7500,"음식철학이 담긴 구기자 돌솥밥
청양의 구기자 생산량은 전국의 70% 정도라고 한다. 화학조미료를 사용하지 않고, 구기자를 달인 물로 지은 밥과 자연에서 얻어지는 무공해 식자재로만 요리를 하 고 있다. 불고기는 특별한 육수를 이용하여 양념을 만 들어 그 맛이 독특하며 주인의 친절한 서비스 또한 일 품이다.",
135,충남추천맛집,청양,한식,산골짜기,"버섯전골, 산채비빔밥",충청남도 청양군 대치면 장곡길 143-54,041-942-2900,"항상 변함없는 맛과 서비스
청정 칠갑산 무공해 식재료를 사용하는 버섯전골, 산채비빔밥을 추천한다. 버섯·쇠 고기·채소 등을 그릇에 담아 국물을 부어 끓인 버섯전골과 밥에 산채나물을 얹어 양념고추장에 비벼 먹는 산채비빔밥은 자연과 함께하는 느낌을 주며 그 맛은 어머니의 손맛을 느낄 수 있어 한번먹어본 사람이라면 꼭 다시 찾고싶은 집이다.",
136,충남추천맛집,홍성,한식,예당큰집,"왕비상, 사또상",충청남도 홍성군 장곡면 무한로 957-24,041-642-3833,"고택에서 맛보는 웰빙 한정식
600년 고택의 멋과 맛을 간직한 품위 있는 곳! 오랜 세월을 지켜온 우리 건축물의 화려한 진면목을 그대로 간직한 특색 음식점으로 가옥 주변 텃밭에서 재배한 무공해 채소와 무농약 인증을 받은 양념, 육질이 최고인 한우와 신선한 해산물로 최고의 한정식을 선보인다.",
137,충남추천맛집,홍성,한식,한우본,"본정식, 한우설렁탕, 생등심",충청남도 홍성군 홍성읍 문화로72번길 29,041-634-2292,"정통 한우요리의 참맛!
농림수산식품부와 국립농산물품질관리원의 친환경 인증을 받은 홍성산 한우를 전문으로 취급하는 한우구이 전문점이다. 실내를 짙은 톤의 목재와 벽돌로 고풍스러운 느낌을 살려 꾸며 인근에서 돌잔치 등의 가족 행사를 위해서도 즐겨 찾는 곳이다. 생등심, 갈빗살등 다양한 한우메뉴를 갖추고 있다.",
138,충남추천맛집,홍성,한식,돌산가든,"영양돌솥밥, 토종닭",충청남도 홍성군 홍북면 용봉산2길 37,041-634-8500,"영양식으로 손색없는 돌솥밥 구수한 숭늉까지 일품
웰빙 음식답게 영양돌솥밥에는 찹쌀, 흑미, 밤, 대추, 인 삼, 조, 수수, 율무, 콩, 은행 등 12가지 이상이 들어가고 반찬은 15가지 이상이 나오며 인기 메뉴로는 토종닭 요리가 있다. 특히 어머니가 직접 밭에서 키운 채소들을 이용하여 음식을 만들기 때문에 그맛을 잊지못하고 찾아오는 손님들이 끊이지 않고 있다.",
139,충남추천맛집,홍성,일식,송정일식,"송정스페셜, 정식",충청남도 홍성군 홍성읍 홍덕서로 24-20,041-631-6944,"각종 싱싱한회를 즐길 수 있는 곳
산지에서 직송되는 활어는 항상 최상품으로 신선함을 잃지 않고 있으며 일본전통 방식과 퓨전요리를 겸비하고 있다. 무엇보다 친절한 서비스가 일품이며 항상 손님들의 발길이 끊이지 않는 곳으로 다양한 규모의 룸이 준비되어 있다.",
140,충남추천맛집,홍성,한식,코리아식당,"아나고탕, 닭볶음탕",충청남도 홍성군 홍성읍 홍성천길 136,041-631-7600,"자연산 아나고의 진정한 맛!
맵고 얼큰한 국물 속엔 큼직하게 토막 낸 부드러운 장어와 깻잎을 듬뿍 넣어 탕의 향이 짙다. 느끼할 것 같은 장어의 선입견을 싹 날려버리는 맛이다. 아나고는 깻잎과 생강을 곁들여 싸서 먹으면 더 환상의맛을 느낄 수 있다.",
141,충남추천맛집,홍성,한식,산울림,"두부버섯전골, 돌솥비빔밥",충청남도 홍성군 홍북면 이응노로 255,041-633-9601,"용봉산의 수려한 경치와
전통 두부요리의 조화
용봉산을 등에 업고 있는 두부 요리 전문점이다. 국내산 콩을 맷돌에 갈아 가마솥에 끓이고 천연 간수를 넣어서 직접 두부를 만들어 낸다. 손두부에 여러 가지 버섯과 채소, 소고기, 양념장을 넣고 얼큰하게 끓여내는 두부 버섯전골이 인기 메뉴이며 손두부 만들기 체험장을 예 약제로 운용하고 있다.",
142,충남추천맛집,홍성,일식,신만횟집,"모듬회, 새조개",충청남도 홍성군 서부면 남당항로 213번길 10,041-634-6457,"미식가들의 입맛을 돋우는 싱싱한 활어회가 일품
12월부터 이듬해 3월까지는 새조개 철이다. 새조개는 속살이 새의 부리를 닮아서 그같은 이름이 붙었으며 여러가지 채소를 넣어서 끓인 육수에 살짝데쳐서초장에 찍어먹는데 이맛이 정말 잊을 수 없을 정도로 맛있으며 그 외에도 풍부한 밑반찬과 다양하고 싱싱한 해산물을 저렴한 가격에 맛볼 수 있다.",
143,충남추천맛집,홍성,한식,조가네진지상,"한정식, 불고기",충청남도 홍성군 홍성읍 내포로 88-1,041-631-0511,"각종연회, 피로연 음식에 안성맞춤
저렴한 가격으로 맛있는 고기를 맛볼 수 있는건 기본이고 결혼, 회갑, 돌 잔치를 위한 산해진미를 갖추고 있으며 단체석이 마련되어 있어 예약손님이나 단체예약이 가능 한 곳이다.",
144,충남추천맛집,홍성,한식,한올채,"흑염소전골, 오리누룽지백숙",충청남도 홍성군 금마면 광금북로 419,041-634-6292,"흑염소, 오리요리 전문점
인테리어와 조경과 맛의 삼박자가 잘 어우러진 맛집이다. 흑염소는 옛 조상으로부터 현대에 이르기까지 초식과 열매를 고루 먹는 신비의 약용동물로, 미식가들과 임산부 및 허약체질인 사람들에게 건강식으로 알려져 있어 회복기의 환자나 어린이에게 각 광받고있다.",
145,충남추천맛집,홍성,한식,내포갈비,"돼지갈비, 삼겹살",충청남도 홍성군 홍성읍 월산1길 41,041-632-1144,"최고의 육질만을 고집하는 최고의 맛 집
신선한 육질의 고기만을 사용해 부드럽게 씹히는 맛이 일품인 돼지갈비로 지친 현대 생활을 달래는 데에도 충분하다. 깨끗한 실내 분위기와 정성이 깃든 밑반찬, 녹두삼계 탕이나 검은콩국수, 굴밥같은 계절 요리도 준비되어 있어 많은 사람들이 즐겨 찾고 있 는 곳이다.",
146,충남추천맛집,홍성,한식,빼뽀참게집,"참게게장정식, 참게매운탕",충청남도 홍성군 금마면 홍양길 232,041-631-4007,"참게요리의 명가
잔잔한 호수를 내려다보며 분위기와 맛에 흠뻑 빠져보고 싶은 곳으로 10년 이상 연구 해온 참게요리명가 빼뽀참게집은 공중파 방송에 8차례나 소개될 정도로 유명한 맛 집 이다. 식재료의 특성과 고유의 향 등을 고려하여 3~5년 동안 저장해 두었다가 밑반 찬과 함께 손님상에 차려내는 건강 식단이다.",
147,충남추천맛집,예산,한식,실손식당,"길손정식, 산채비빔밥",충청남도 예산군 덕산면 수덕사안길 36,041-337-6045,"3대째 내려오는 60년 전통의 식당
수덕사 경내에 위치한 산채정식의 명가 길손식당이다. 향긋한 산채나물과 원조 더덕구이, 30여 가지의 산채류 정식을맛볼수있다.",
148,충남추천맛집,예산,한식,수덕골미락,"약산체더덕한정식, 산채비빔밥",충청남도 예산군 덕산면 수덕사안길 42-1,041-337-0606,"몸이 건강해지는 행복한 밥상
친절한 주인의 손님맞이 정성은 기분을 좋게 해준다. 주요메뉴등에 사용되는 더덕과 신선한산야채는 직접 수덕골 자락에서 손수 길러낸 것으로 손님 밥상에 올린다. 각종 더덕요리, 토종된장국, 도토리묵야채무침, 토종두 부, 국산 우렁회야채무침, 파전, 동동주 등 토종냄새로 코와 입을 자극하는 수덕골 미락 식당이다.",
149,충남추천맛집,예산,한식,그때그집,"산채한정식, 더덕정식",충청남도 예산군 덕산면 수덕사안길 42-1,041-337-6633,"산더덕요리의 진수를 맛볼 수 있는 곳
수덕사 내에서 15년 이상 운영해온 업소로 조미료를 사용하지 않는 건강한 한정식을 맛볼 수 있는 예산의 맛집이다. 인기메뉴는 정식으로 더덕구이, 우렁된장찌게, 조기구이, 어리굴젓 등 15가지가 넘는 산채나물이 정갈하고 맛있게 제공 된다.",
150,충남추천맛집,예산,한식,수덕식당,"수덕한정식, 더덕정식",충청남도 예산군 덕산면 수덕사안길 33-5,041-337-6019,"옛날부터 전해 내려온 전통 손맛집
수덕사 내에서 2대에 걸쳐 50년 이상 운영해온 전통 손맛 산채 향토음식 전문점이다. 직접 담근 재래식 된장으로 찌개도 하고, 산채비빔밥으로 역사가 제일 깊다는 원조집 이다. 수덕사 근방의 특색음식인 산채와 더덕, 도토리묵이 주 메뉴이며, 산채비빔밥이 대표 메뉴라고 한다.",
151,충남추천맛집,예산,일식,동경일식,"활어회정식, 동경정식",충청남도 예산군 덕산면 온천로 324-9,041-338-3085,"넓은 매장과 품격있는 상차림
덕산 온천관광지 주변에 있는 업소이며, 관광객들이 많이 찾는 식당이다. 철저한 어류 온도관리를 통해 활어들의 신선도를 중시하여 재료 본연의 맛과 질감을 잃지 않도록 세심한 주의를 기울이고 있다.",
152,충남추천맛집,예산,한식,월정,"월정한정식, 추사한정식",충청남도 예산군 삽교읍 효림송석길 242,041-338-1120,"전통의 맛과 멋을 느낄 수 있는 한정식
월정농장에서 직접 재배되고 만들어지는 100% 유기농 야채들과 된장, 고추장만을 사용하고 있다. 메뉴로는 전통 한정식 코스 요리는 물론, 손으로 직접 빚는 황해도 전통 만두전골, 돼지갈비, 된장찌개 등 한국 전통의 맛을 그대로 느낄 수 있다.",
153,충남추천맛집,예산,한식,민속촌,"오항오리, 오리백숙",충청남도 예산군 예산읍 수철길 199,041-334-5520,"민속촌에서 제대로 보양식을 맛보다!
덕봉산 자락에 위치한 오리 요리 전문점으로 자연과 더불어 식사하기 좋은 곳이다. 한약재 양념에 익힌 오리고기를 슬라이스로 썰어낸 후, 마늘소스를 올려 잡내를 없앤 오향오리가 인기 메뉴다. 남은 뼈로 끓여낸 오리탕에 밑반찬을 곁들여 내어 주는데 국물맛이 정말좋다. 오리백숙과 탕, 토종닭과 민물새우탕등의 메뉴도 준비되어있다.",
154,충남추천맛집,예산,양식,블랙스톤 앤 의좋은 오리,"아우네정식, 수제돈까스",충청남도 예산군 대흥면 예당로 816,041-332-0727,"예당저수지와 함께하는 낭만적인 요리!
블랙스톤 앤 의좋은 오리는 예산에서 가장 오래 되었으며, 유명한 예당저수지가 한눈이 보이는 곳에 위치해 있 다. 유명 인사들도 들러가고, 드라마의 촬영지이기도 하며 세트메뉴를 시키면 훈제, 직접 만든 된장소스, 고추장소스의 신선한 오리고기를 한번에 맛볼 수 있다.",
155,충남추천맛집,예산,한식,삼우갈비,"갈비, 굴탕",충청남도 예산군 예산읍 예산로 23번길 8,041-333-6230,"특등급 한우의 참맛!
내륙지방의 완만한 구릉에서 자라는 한우는 육질이 부드럽고 감칠맛이 뛰어나 최상 품으로 통한다. 주 메뉴는 한우암소 양념갈비로 4~5일간 푹 재워 양념 맛이 듬뿍 배이고 간이 알맞으면서 입 안에서 녹는 맛이 일품이다. 갈비구이 외 갈비탕도 이름난 명품으로 두툼한 놋그릇에 담아내어 다 먹을 때까지 식지 않는 것이 특징이다.",
156,충남추천맛집,예산,한식,돌고래회관,"붕어찜, 어죽, 매운탕",충청남도 예산군 응봉면 예당관광로 180,041-332-2540,"자연산 물고기에서 느껴지는 색다른 감칠 맛!
예당저수지가 펼쳐져 경치가 수려하고 붕어, 민물새우 등 민물생선으로 요리를 만드는 식당이다. 예당저수지 에서갓잡아올린자연산토종붕어를깨끗하게손질한 후 잘 말린 시래기 등 갖가지 양념을 바닥에 듬뿍 깔고 조리한 붕어찜이 별미인데 자연산 고기에서만 느낄 수 있는 쫄깃하고 담백한 맛이 일품이다.",
157,충남추천맛집,예산,한식,신창집,"곱창구이, 곱창전골",충청남도 예산군 삽교읍 삽교로 4길 7-9,041-338-2357,"45년전통 원조삽교곱창
충남예산의 명물 삽교곱창은 그 맛과 정취로 전국의 맛을 찾는 사람들이 찾아오는 곳 으로 신창집은 곱창집 중에 원조 격인 곳이다. 잡내 없이 잘 손질한 돼지 곱창을 별다른 양념 없이 통마늘과 함께 구워내는 방식이다. 갖은 야채를 넣고, 얼큰하게 끓여낸 곱창전골도 준비되어 있다.",
158,충남추천맛집,예산,한식,양지한우타운식당,"생갈비, 꽃등심, 불고기정식",충청남도 예산군 광시면 광시소길 11,041-333-1202,"대한민국의 대표 한우식당
유통단계를 거치지 않고 손님상에 직접 전달됨으로 신선도가 매우 좋고 육질 또한 일품이다. 인터넷 유통사업을 지속적으로 전개해 왔으며 주방이 오픈되어 있어 주방장님이 고기 다루는 모습을 볼 수 있어 더욱 믿음이 간다. 부드러운 육질과 뛰어난 맛으로 유명해진 양지한 우타운식당은 손님들로 항상 만원이다.",
159,충남추천맛집,예산,한식,매일한우타운식당,"매일한우스페셜, 생갈비, 꽃등심",충청남도 예산군 광시면 예당로 155,041-333-2604,"최고등급 토종 한우의 깊은 맛!
부드러운 육질이 혀끝에서 사르르 녹고, 씹을수록 풍성해지는 고소한 육즙과 은은한 향까지, 이곳이 전통의 광시 한우마을을 조성한 원조 본점이다. 청정지역 예산의 무공해 초지에서 전통 한우 암소를 직접 사육하여 전국 최고의 질 높은 쇠고기를 공급하고 있다.",
160,충남추천맛집,예산,한식,고구려한우,"꽃등심, 생갈비, 특수모듬",충청남도 예산군 신암면 조곡남로 69,041-332-6354,"유통단계를 거치지 않고 손님상에 직접 전달됨으로 신선도가 매우 좋은 육질!
본인농장에서 한우를 직접 사육하여 손님들에게 저렴한 가격으로 공급하며 육질이 부드럽고 감칠맛이 뛰어나 직접 먹어보지 않으면 그 맛을 상상하기 어렵다.",
161,충남추천맛집,태안,한식,수미정꽃게집,"게국지, 간장게장, 꽃게탕",충청남도 태안군 안면대로 2945-2,041-674-3311,"40년 전통의 국가기능사의 맛 집
별미 중에 별미인 간장게장은 안면도 앞바다에서 나오는 꽃게로 만든 일품요리로 밥 도둑으로 불리우고 있다. 인근 연해에서 잡히는 꽃게를 급속냉동시켰다가 해동한 후 맵지 않으면서도 부드럽게 양념을 해서 만든 양념게장 또한 최고의 맛이다.",
162,충남추천맛집,태안,한식,이원식당,"박속밀국낙지탕, 낙지볶음",충청남도 태안군 이원면 원이로 1539,041-672-8024,"박속밀국낙지의 원조!
밀국낙지탕은 태안 이원면의 갯벌에서 육질이 연한 낙지를 잡아 박속과 함께 넣어 조리하는 해안 지방의 향토 음식이 다. 특히 5~6월의 낙지가 육질이 연하고 제일 맛이 있으며 오랜 전통으로 대를 이어온 맛집으로 그 맛이 환상적이다.",
163,충남추천맛집,태안,한식,딴뚝통나무집,"게국지, 간장게장",충청남도 태안군 안면읍 조운막터길 23-22,041-673-1645,"안면도 게국지의 원조
여러 차례 맛집으로 선정된 딴뚝통나무집은 사장님의 40년 경력이 맛을 뒷받침 해준다. 서해안에서 나오는 우럭을 해풍에 건조시켜 만든 우럭젓국과 절임배추 등을 이용해 만든 게국지는 지역고유의 향토음식으로 그 맛이 일품이다. 우거지와 묵은지가 들어간 게국지는 밥에 비벼서 먹으면 정말 게눈 감추듯이 밥이 사라진다.",
164,충남추천맛집,태안,일식,푸른바다횟집,"우럭회, 바지락칼국수, 해물탕",충청남도 태안군 안면읍 방포항길 26-3,041-673-9200,"싱싱함을 가득 품은 바다의 선물, 국산 활어회의 진수
신선한 재료, 정성 가득한 손길, 오랜 경력의 손맛이 있는 횟집으로 낙조를 볼 수 있는 꽃지해수욕장 입구에 자리하고 있다. 전복 해삼 등 안면도산 각종 해산물들을 맛볼 수 있으며, 계절에 따라 쭈꾸미샤브샤브, 해삼물회, 전어, 대하, 새조개 등을 맛볼 수 있는 데 그 중에서도 우럭간장찜은 감칠맛 나는 요리로 많은 손님들이 찾고 있다.",
165,충남추천맛집,태안,한식,이조원,"갈치조림, 황태해장국",충청남도 태안군 안면읍 백사장1길 18,041-672-3008,"백사장항 입구에 있는 갈치조림 전문점
두툼한갈치에 호박, 무 등 양념을 특유의 육수와 함께 칼칼한 맛으로 끓여내는 주인의 손맛을 느끼며 먹는 갈치조림은 안면도 최고의 맛을 자랑한다. 꽃게탕, 우럭, 대구, 알, 전복, 복 등 매운탕이 전문인 이조원은 매일매일 직접 엄선한 신선한 해물을 사용하고 있다.",
166,충남추천맛집,태안,한식,인평장어메기,"장어구이, 장어찜, 매운탕",충청남도 태안군 태안읍 강경벌로 739,041-674-4660,"특유의 비법과 함께하는 장어구이
인평저수지 옆에 위치한 전통의 장어전문식당으로 가장 전통이 있는 민물고기집으로 소문이 나있다. 전원적인 분위기를 갖춘 음식점으로 맛깔스런 밑반찬을 비롯하여 정성껏 만든 고추장양념과 간장양념을 손님입맛에 맞게 장어에 발라먹는 것이 특징 이며 담백하고 고소한 맛이 일품이다.",
167,충남추천맛집,태안,한식,초록애,"오리백숙정식, 훈제구이",충청남도 태안군 태안읍 백화로 121-122,041-672-5233,"자연을 담은 웰빙 오리!
녹차원잎과 소나무 추출 천연식이 유황을 먹여 정성껏 키운 오리로 오리특유의 냄새를 없애고, 부드럽고 쫄 깃한 육질의 맛이 일품이다. 고단백, 저콜레스테롤 육 류로 잘 알려진 오리고기는 보양식으로 좋으며, 남녀 노소 누구나 부담 없이 즐길 수 있다.",
168,충남추천맛집,태안,한식,토담집,"간장게장, 우럭젓국",충청남도 태안군 태안읍 동백로 161,041-674-4561,"전통으로 이어온 간장게장의 명가!
우럭젓국은 염장해 말린 우럭 살을 뜯어 두었다가 두부를 올려 즉석에서 끓인 시원한 탕으로 해장국으로 그만이며, 간장게장은 봄에 잡은 태안 암게만을 사용하여 특유의 비법으로 간장을 달여 만들어 감칠맛을 돋운다. 주인장 인심만큼이나 푸짐하고 부드러운게살이 꽉꽉 들어차 있다.",
169,충남추천맛집,태안,한식,한국관,"암소한우등심, 암소한우특수부위",충청남도 태안군 태안읍 독샘로 100,041-675-2415,"고소한 육질과 부드러운 한우암소의 깊은 맛!
한국관광공사에서 선정할 만큼 깨끗하고 맛있는 집으로 유명하며 한국의 전통적인 인테리어와 넓은 공간이 마련되어 있다. 한우암소 고기만을 엄선하며 20년을 이어온 맛집인만큼 고소하고 부드러운 육질의 한우를 만날 수 있으며 꼬리곰탕과 돌솥비빔밥 또한 별미다. 그리고 태안 바닷가에서 잡은 낙지로 만든 낙지전골의 맛은 한 번 맛보면 잊을 수 없는 특별메뉴다.",
170,농가맛집,서천,한식,고수록,고수록 밥상,충청남도 서천군 비인면 서인로 1117번길 1,041-952-1929,"고수록, 손김, 똘쟁이 등 풍부한 갯벌식재료와 텃밭의 싱싱함이 담겨있는 건강 밥상",
171,농가맛집,서천,한식,다정다반,희리산 콩부인 자연밥상,충청남도 서천군 종천면 산천길 106번길 15 ,041-953-9705,"농촌아낙네의 푸짐한 정과 정성스러움이 가득담긴, 자연의 맛을 오롯이 담은 차와 식사를 말하며 손수 담근 된장, 고추장, 청국장 등 발효식품을 토대로 농가맛집 주변의 텃밭 채소와 희리산의 각종 산채를 주재료로 하는 한상차림으로 자연과 건강의 의미를 담음",
172,농가맛집,공주,한식,늘푸른솔,"시래기퉁퉁장정식, 청국장백반, 촌두부, 두부전골",충청남도 공주시 사곡면 정안마곡사로 198,041-841-6387,건강시래기 정식과 직접 재배한 콩으로 만든 두부와 옛날 방식대로 띄운 청국장 맛이 일품,
173,농가맛집,서산,한식,소박한밥상,연잎밥,충청남도 서산시 인지면 애정길 150-22,010-8718-3826,"어머니의 정성으로 내 가족에게 음식을 나눈다는 소박한 마음을 담은 상차림으로 어머니(정순자)와 딸(강태갑), 가족
모두가 정성을 다해 대접합니다. 주 메뉴는 갖은 잡곡과 찹쌀을 연잎에 싸서 가마솥에 쪄낸 연잎밥과 직접 담근 짱아찌와 제철 나물, 물김치 등입니다",
174,농가맛집,서산,한식,마늘각시,마늘한정식,충청남도 서산시 팔봉면 진장서낭골길 203-14,010-6470-0668,"지역 농특산물 6쪽마늘, 생강, 달래를 이용한 향토음식 외식업소로 주 메뉴는 마늘등갈비강정, 바지락담뿍장, 마늘 소스돼지고기찜, 마늘육전 등 마늘을 이용한 한정식입니다.",
175,농가맛집,서산,한식,마늘각시,마늘한정식,충청남도 서산시 충의로 19,010-2055-3336,"지역 농특산물 6쪽마늘, 생강, 달래를 이용한 향토음식 외식업소로 주 메뉴는 마늘등갈비강정, 바지락담뿍장, 마늘 소스돼지고기찜, 마늘육전 등 마늘을 이용한 한정식입니다.",
176,농가맛집,태안,한식,곰섬나루,"함초간장게장, 우럭젓국찌개, 게국지찌개",충청남도 태안군 남면 안면대로 1610-27,041-675-5527,"태안 특산물을 이용하여 정감있는 향토음식을 상품화한 농가맛집. 바다의 약초로 불리는 함초엑기스를 넣은 간장게장과 우럭을 말려 쌀뜨물과 끓여내는 담백한 우럭젓국, 항아리에 모아놨던 게국 간장을 갈 배추에 버무려 찌개로 끓여내는 게국지 상차림을 늘 만날 수 있음",
177,농가맛집,태안,한식,콩의보감,"알콩정식, 달콤정식",충청남도 태안군 근흥면 수룡길 146,041-672-5956,"태안의 청정지역 맑은 물과 비옥한 땅에서 자란 콩과 전통장을 천연조미료로 사용하여 담백하고 깊은 맛을 내는 콩요리전문 농가맛집. 직접 재배한 제철나물, 콩죽, 조랭이떡톳두부된장국, 콩전 등으로 구성된 알콩정식, 몸의 원기를 북돋워주는 불고기해물두부전골, 두부김치, 생선찜으로 구성된 달콩정식이 주메뉴로 저염식이 특징임",
178,농가맛집,태안,한식,꽃드래 진송꽃게집,"게국지정식, 방풍비빔밥",충청남도 태안군 안면읍 안면대로 3015,041-673-5923,태안향토음식 브랜드 ‘꽃드래’사업장에서는 3면이 바다로 둘러싸인 태안군의 사시사철 특별한 맛을 자랑하는 각종 먹거리들을 맛볼수 있음. 전국 유일의 김치로 시원한 국물맛이 일품이며 향수를 달래는 향토음식인 게국지 정식과 방풍을 이용한 비빔밥은 특유의 씁쓸한 맛과 향이 있으며 뒷맛은 달아 식욕을 돋움,
179,농가맛집,태안,한식,꽃드래 통나무집사람들,"육쪽마늘정식, 바지락비빔밥",충청남도 태안군 원북면 원이로 447-15,041-672-1600,임금님께 바치던 진상품이며 예부터 자양강장 식품으로 애용되어온 태안육쪽마늘을 활용한 상차림으로 마늘 특유의 강한 향을 줄이고 고유의 맛과 기능을 느낄 수 있도록 조리하여 다양하게 마늘을 즐길 수 있음. 해안자원이 풍부한 태안의 대표적인 바지락을 활용한 나물비빔밥으로 쫄깃한 식감과 바지락탕을 사용하여 바지락의 시원한 풍미를 넉넉하게 느낄 수 있는 영양식임,
180,농가맛집,보령,한식,석화촌,"석화촌정식, 방풍생선정식",충청남도 보령시 주포면 밖강술길 15,010-9286-7003,"보령 농가맛집 석화촌의 대표 상차림인 ‘석화촌정식’은 오리에 방풍이 곁들여 지는 요리를 테마로 하며, 천여 평의 방풍농사로 재배한 방풍을 재료로 방풍묵, 방풍장아찌, 방풍떡 등의 반찬을 주인장의 소박한 손맛으로 담아냄",
181,농가맛집,금산,한식,진악산뜰 농가맛집,"오색쌈밥장아찌정식, 인삼부추백숙",충청남도 금산군 금산읍 계진길139,010-9588-1809,"금산의 인삼을 처음 재배했다는 전설이 내려오는 ""진악산"" 아래의 한적한 마을에 자리잡고 있어 진악산의 맑은 공기와 건강한 기운 그리고 고향의 정취를 느낄 수 있는 곳이며, 쌈채농장으로 쌈채 수확 및 요리체험 가능하다. 
금산의 대표 농산물인 인삼과 농장에서 재배한 더덕을 이용하여 잡내를 없애고 풍미를 더한 인삼 정과 수육과 자체 개발한 짜지 않고, 아삭한 10여가지 이상의 장아찌를 정식상차림.",
182,농가맛집,예산,한식,도랑골손맛,추사밥상,충청남도 예산군 고덕면 상장2길 88-12,010-4733-8636,"추사 김정희선생의 고향인 예산에서 추사의 스토리와 대표자의 어머니에 대한 추억이 담긴 박, 그리고 예산 사과와 배가 잘 접목된 특색있는 상차림으로 구성됨. ",
183,농가맛집,공주,한식,미마지,"소민정식, 밤나무아래정식, 연잎밥상",충청남도 공주시 의당면 돌모루 2길 17-15,041-855-4933,"공주 특산물 밤을 이용한 음식, 집안의 내림음식 등을 내는 농가맛집으로 민속극박물관을 함께 운영하며 지역문화, 백제의 얼을 알리려 함. ",
184,농가맛집,공주,한식,다래원,"효자국밥, 한정식",충청남도 공주시 백미고을길 5-1,041-852-5518,"공주의 대표먹거리인 공주국밥을 얼큰한 맛으로 끓여 내며 한정식 메뉴도 함께 함. 각종 모임, 상견례등의 공간으로 이용 가능한 곳",
185,농가맛집,공주,한식,대왕산산 백숙농원,"무령왕장어백숙, 장뇌삼오리백숙, 장뇌산산삼계탕, 닭도리탕",충청남도 공주시 연수원길 46,041-858-9008,장어와 장뇌삼이 만난 최고의 보양식을 맛볼 수 있으며 다양한 백숙요리를 통하여 함께먹는 즐거움이 넘치는 곳,
186,농가맛집,홍성,한식,홍두레맛집,"묵은지포갈비찜, 유부냉이전골, 오디정식특선",충청남도 홍성군 홍성읍 대학길 156-10,010-8938-0869,"오디(뽕나무열매)를 이용한 음식을 선보이며, 텃밭의 다양한 채소들이 제철음식으로 선보이는 맛집 ",
187,농가맛집,당진,한식,소들강문,"꺼먹지정식, 손두부",충청남도 당진시 우강면 덕평로 931,010-2468-1117,"한국 최초의 카톨릭 사제인 김대건 신부가 출생한 솔뫼성지가 인근에 위치하여, 솔뫼성지-합덕성지-신리성지를 잇는 ‘버그내순례길’을 걸으며 옛 성인들의 발자취를 돌아 볼 수 있으며, 지역에서 재배되는 농산물로 만든 음식을 통해 당진의 넉넉함과 평안함을 느끼며 음식을 통해 힐링하는 농가맛집  ",
188,농가맛집,당진,한식,길목식당,꺼먹지정식,충청남도 당진시 우강면 덕평로 616,010-9561-5505,"한국 최초의 카톨릭 사제인 김대건 신부가 출생한 솔뫼성지가 인근에 위치하여, 솔뫼성지-합덕성지-신리성지를 잇는 ‘버그내순례길’ 옛 성인들의 발자취를 되짚어 볼 수 있으며, 지역에서 재배되는 농산물로 만든 음식을 통해 당진의 넉넉함과 평안함을 느낄 수 있는 음식을 통해 힐링하는 농가맛집  ",
189,농가맛집,천안,한식,산에들에 징검다리,"도솔정식, 능소버들정식",충청남도 천안시 동남구 동면 화복로 486-53,041-551-5292,예부터  천안지역에서 만들어 먹던 무청진잎과 콩알빠금장을 이용하여 원형 음식으로 조리하며 천안특산품을 이용하여 현대인에 맞는 전통장류와  일품요리로 구성 식사와 함께 안주가 될 수 있는 음식으로 조리.,
190,농가맛집,논산,한식,만석지기 곳간,"만석지기 곳간정식, 전젓국, 게장밥상, 큰할머니 보쌈큰상",충청남도 논산시 연무읍 왕릉로 108번길 20,041-742-9090,"연무읍 일대 농사를 가장 크게  짓는 만석지기 프로 농사꾼의 마음을 담아 상차림을 하며, 갓 도정한 쌀로 건강한 밥을 짓는 것이 가장 큰 특징임. 할머님의 솜씨와 이야기 를 음식에 담아내는 친근함이 있는 상차림",
191,농가맛집,계룡,한식,마음자리,"한우바싹불고기정식, 두부수육정식, 아삭장아찌골동반상",충청남도 계룡시 엄사면 광석향안길 218,042-551-4996,"계룡산 자락 향적산 국사봉 아래 청정지역에 위치하여 전통장과 장아찌를 생산하는 농가로 깊은 맛이 특징인 된장을 주재료로 한 음식을 내며, 직접 띄운 청국장을 이용한 쌈장과 샐러드가 일품입니다. ",
192,농가맛집,부여,한식,나경,"버섯전골정식, 버섯비빔밥, 동충하초토종닭백숙, 매콤버섯닭볶음탕",충청남도 부여군  석성면 비당로 109번길 100,041-836-0039,"넓은들판안쪽에오롯이자리잡은나경은,넓은주차장은물론주변이논으로둘러싸여있어봄에는푸르름을가을에는황금빛풍요로움이인테리어가되는버섯전문점.
총9가지이상의버섯이들어가는버섯전골은고기를전혀사용하지않고채수로간을맞춰깔끔합니다
대부분의식재료를직접농사짓거나인근의지역식품으로차려내는계절밥상이기에제철에건강하게드실수있는상차림을 준비하며, 버섯 구매도 가능",
193,농가맛집,청양,한식,차와싸리골,"차향밥상, 싸리티밥상, 잔대백숙, 산양삼백숙",충청남도 청양군  남양면 충절로 382-20,041-944-2363,"농가에서  직접 생산하는 신선하고 건강한 식재료를 이용해 청양의 전통 문화와 역사의 발자취가 깃든 향토음식점을 운영하고 있습니다. 황토로 지은  자연친화적 환경을 바탕으로 건강하고 청양 고유의 향토색이 가득한 로컬푸드를 맛 보실 수 있습니다. 친환경 유기농으로 만든 식재료에 된장,  간장, 고추장 양념을 이용한 향토음식을 장작가마에서 구워온 그릇에 정성껏 담았습니다. 단순한 음식점이 아닌 1만평의 차나무 산에서 직접  차밭 농사를 짓고 생산한 수제 녹차와 발효차의 맛과 향을 맛볼 수 있으며, 다도교실을 운영하여 차예절 교육과 차 만들기 체험을 할 수있고  매년 차와 문화가 어우러지는 차산놀이문화제를 열고있습니다. 차(茶) 가공품도 판매하고 있습니다. 자체 주차장이 있어 편리하게 사용할 수  있습니다.",
194,농가맛집,홍성,한식,예당큰집,"수라상, 왕비상, 어사또상, 사또상",홍성군  장곡면 무한로 957-24,041-642-3833,600년 고택으로 한국식기 박물관을 함께 운영하며 9만여평의 땅에서 직접  재배한 채소들과 홍성 특산물인 한우로 요리하는 전통한정식집입니다,
195,미더유인증,예산,한식,가야수랏간,표고버섯과 곰취등을 이용한 별미음식,충남 예산군 덕산면 가루실길 20,041-337-3790,"가야수랏간’ 대표 이혜영씨는 옆 동내인 둔리로 5대째 살고 있는 남편과 결혼하여 친환경 표고버섯을 재배하고 있다. 주변에서 음식솜씨로 칭송이 자자했던 시어머니께 집안의 별미음식을 전수받았으며, 특히 예산군 최초로 표고버섯 농장을 시작 하신 시부모님의 가업을 이어 받아 표고 농장을 운영하고 있고 체험농장으로 변화하던 중 찾아오시는 도시 손님들에게 농가에서 친환경으로 싱싱하게 재배되는 표고버섯과 곰취 등을 이용한 음식과 시어머니로 부터 전수 받은 별미음식을 만들어 대접하면서 '가야수랏간'이라는 이름으로 식당까지 경영하고 있다.",
196,미더유인증,서천,한식,고수록,시골밥상 / 한정식/ 해장국/ 비빔밥,충남 서천군 비인면 선도리 103-10,041-952-1928,"고수록은 잔잔한 바다 속에서 파도의 흐름에 거스르지 않고 유연한 모습을 가진 해초라고 한다.흔히 꼬시래기라고도 하는데 서천에서는 고수록이라는 방언을 사용하고 있다. 고수록은 한자 그대로 바다의 초록 내음을 가득담은 해초이다.고수록에 함유된 타우린 성분은 간 기능의 회복과 체내 중금속 배출을 동와 성인병 예방 및 변비 해소에도 좋은 효과가 있다. 고수록에서는 고수록 비빔밥과 농가에서 직접 재배한 농산물로 조미료를 일체 사용하지 않는 건강한 밥상을 선물한다.서해바다 해초인 고수록의 바삭함과 똘쟁이의 고소함으로 입맛을 돋우고 건강한 두부 음료로 속을 부드럽게 해주면 드디어 푸짐한 시골 밥상이 있으며 서천의 물김으로 끓인 김국과 김부침개 그리고 구운 손김, 앙증 맞은 게로 만든 똘쟁이 볶음, 바다 내음이 나는 고둥무침, 굴과 절인 가을배추로 깊은 맛을 낸 절인배추 해물찌개, 텃밭의 계절 채소겉절이와 김치가 고수록에서만 맛볼 수 있는 밥상이라고 할 수 있다.",
197,미더유인증,공주,한식,시장정육식당,고기 / 육회비빔밥,충남 공주시 금성동 177-3,041-855-3074,"시장정육식당은 공주시 음식문화 특성화 거리인 공산성 백미(百味)고을에 위치해 있다.
백미고을이란 '백제의 맛', '다양한 맛'을 느낄 수 있는 곳을 의미한다.시장정육식당은 40년간 정육점을 운영해 오면서 고기에 대한 노하우와 철학을 갖고 있으며 직접 사육한 한우와, 공주에서 도축된 한우만을 고집하고 있다.시장정육식당의 일품 메뉴는 육회와 육회 비빔밥이다. 오래전 시아버지께 만들어 드린 육회가 맛있기로 소문이 나서 정육점과 함께 식당을 운영하게 된 계기가 여기에 있다고 할 수 있다. 또한 신선하고 맛있는 육회와 비빔밥의 조화는 말로 표현할 수 없다. 뿐만 아니라 마블링이 골고루 퍼진 등심 또한 일품이라 할 수 있다.",
198,미더유인증,금산,한식,진악산뜰농가맛집,"인삼수육, 부추백숙 요리, 자연밥상",충남 금산군 금산읍 계진리 122-8,041-751-1809,"진악산뜰농가맛집은 금산 계진리에 있는 우리네 할머니 집과 같은 농가라고 할 수 있다.
오랫동안 이곳에서 농사를 지은 두 부부께서 식당을 운영하고 있으며 식당 주변에서 재배한 농산물로 정성들인 자연밥상을 제공한다. 특히 자연에서 그대로 담아온 건강음식으로 다양한 장아찌 음식들을 맛 볼 수 있고 금산의 자랑인 인삼수육, 부추백숙 요리를 맛 볼 수 있다. 한 상 차려진 요리들은 하나하나 정성이 들어가 미각을 자극하고, 집에서 직접 담군 가양주로 맛을 더 풍미하게 한다. 진악산뜰농가맛집은 6차산업화를 시행하고 있는 곳이기도 한데, 직접 재배한 농산물로 다양한 요리를 만들어 판매하고, 주변의 아름다운 자연을 감상 하거나, 채소수확, 장아찌 담기와 같은 체험학습을 제공하기도 한다. 한번 가보신다면 할머니 집과 같은 푸근함과 건강 자연밥상이 무엇인지 알 수 있다.",
199,미더유인증,계룡,한식,팥거리 콩쥐팥쥐,팥죽,충남 계룡시 두마면 두계리 50-5,042-841-8888,"계룡하면 '팥'이라할 수 있다. 팥거리는 명칭은 조선 태조인 이성계까지 흘러 올라가게 된다.
이성계는 신도안 도읍을 이전하고자 무학대사와 이곳에 방문하게 되었는데 이곳 계룡에 신도 건설을 명령하고 궁궐터를 닦게 하였다고 전해진다. 신도안에는 아직도 궁궐터가 남아 있다. 두계리 일원은 예로부터 콩, 팥, 녹두재배가 잘 되어 두계리로 명명되었고 지금도 팥거리에 대한 흔적을 많이 볼 수 있다.
팥거리는 신도안 건설 때 인부들의 허기진 배를 팥죽으로 채우면서 팥죽집이 많았다고 한다. 지금은 팥죽집이 많지는 않지만 아직도 두계리 팥거리에는 계룡에서 생산된 팥을 가지고 팥죽을 쑤는 곳이 있다. 콩퀴팥쥐이다. 팥죽을 쑤는 식당을 찾기가 참 어려운데 이곳 식당에서는 칼국수 팥죽, 새알 팥죽, 여름에는 팥빙수 팥 요리만 전문적으로 하는 맛있는 팥 음식점이라 할 수 있다.
곳곳에 사장님의 정성이 담긴 메뉴판과, '우리 업소에서 사용하는 팥, 쌀, 고춧가루'는 우리지역 계룡에서 나고 자란 농산물을 사용하고 있습니다' 라는 문구가 인상적이다.",
200,미더유인증,공주,일식,퓨전일식해상공원,생선회,충남 공주시 금성동 180-6,041-857-9595,"미더유 로컬푸드 거리기준은 식당에서부터 인근 50km에서 생산된 농수산물로 만든 음식을 하는 곳을 미더유 식당이라고 하고 있다. 해상공원에서는 충남 서천에서 수산물을 직거래로 거래해서 신선한 수산물을 맛볼 수 있는 곳이다. 물리적 거리도 중요하지만 사회적 거리로서 지역은 좀더 떨어져 있더라도 농가 어가로 부터 직접 구매하는 형태를 사회적 거리의 로컬푸드라고 한다. 해상공원에서는 수산물을 기본으로 하는 회정식을 주로 판매하지만 봄에는 서천에서 잡히는 실치회, 여름에는 조미료를 전혀 넣지 않은 물회, 가을에는 전어 구이와 꽃게 등 제철별로 맛있는 로컬 수산물을 맛 볼 수 있다. 특히 이곳 해상공원은 수산물을 제외한 쌀과 기타 채소류 등은 공주에서 생산된 농산물들이어서 충남의 신선한 수산물과 농산물을 맛 볼 수 있는 곳이다.",
201,미더유인증,부여,한식,서동한우,숙성 한우구이,충남 부여군 부여읍 관북리 118-2,041-835-7585,"두툼히 썰어진 소고기가 불판에서 ‘치이익’ 소리와 함께 숯불에 익어가고 있다. 겉만 살짝 익은 고기를 한 점을 집어서 입안에 넣었다.고기를 씹는 순간 입안에 치즈향으로 가득 찬다. 어떻게 된 일일까? 소고기구이에서 치즈향이 난다니, 놀랍지 않을 수 없다. 이 맛의 비밀은 무엇일까? 서동한우에서는, 양식이 아닌 한식으로 건조숙성과정을 거친 한우암소구이를 접할 수 있는데, 이 집의 소고기는 더 특별하게도 건조숙성과정에 발효과정까지 거치기 때문에, 어디에서도 맛볼 수 없는 독특한 소고기 맛을 느낄 수 있으며, 전국 최초이자 유일무이한 식당이다.",
202,미더유인증,청양,한식,바닷물손두부,"구기자손두부, 보리밥",충남 청양군 대치면 대치리 79-1,041-943-6617,"칠갑산 자연휴양림과 천장호 사이에 고향의 옛 추억을 맛보고 느낄 수 있는 ‘바닷물손두부’라는 식당이 위치해있다. ‘바닷물손두부’는 상호명 그대로 바닷물을 간수로 사용한 손두부를 맛볼 수 있는 집이다. 손두부의 종류는 총 세가지로 검은콩(서리태)과 노란콩(백태)으로 만든 두부가 있으며, 다른 손두부 집에서는 맛볼 수가 없는 구기자를 첨가한 두부가 있다. ‘바닷물두부’라는 메뉴를 시키면 삼색의 두부를 맛볼 수 있는데, 두부의 담백하고 고소한 맛을 느낄 수 있고 두부 외에도 돼지고기 삼겹살 수육, 씻어서 볶은 묵은지, 새콤달콤한 야채무침이 함께 나와서 다양하게 두부의 맛을 즐길 수 있다. ‘바닷물손두부’에서 상에 올라오는 나물류, 파, 배추, 무 등은 지역의 농가와 직거래해서 사용하는데, 많이 사용하는 고춧가루와 배추는 1년 단위로 계약해서 사용하기 때문에, 농가에는 안정적인 소득이 확보되어 지역경제에 이바지하는 역할도 크다고 볼 수 있다. 또한 콩의 경우도 농가와 직접거래가 어려워 상회를 통하지만, 오로지 청양에서 생산된 콩만을 고집하기 때문에, 그 지역만의 맛과 정취를 느끼고 싶은 분들에게 적극적으로 추천해 드린다. 조리장에는 카메라가 설치되어있는데, 식당외부의 텔레비전을 통해 조리장에서 음식이 어떻게 조리되는지 확인을 할 수가 있다. 대도시의 유명한 식당에서도 보기가 어려운 이런 시설을 갖춰 놓았다는 것은 그만큼 식당운영에 대한 사장님의 자부심을 느껴진다.",
203,미더유인증,태안,한식,이원식당,"박속밀국낙지탕, 낚지볶음",충남 태안군 이원면 포지리 82-2,041-672-8024,"지역의 음식은 지역 농산물에 있다고 생각한다. 박속 밀국 낙지탕에 다른 지역 낙지가 들어가고, 외국의 박이 들어간다면 그 음식은 더 이상 태안의 음식이 아니라 정체불명의 음식이다. 미더유 식당인 이원식의 박속 낙지탕은 이런 면에서 태안군 이원의 음식임에는 틀림없다.
낙지와, 호박, 그밖에 야채 등 모든 식재료를 지역 농어가로부터 직접 구매하고 있다. 별이 네 개나 되는 이유가 여이게 있는 것이다. 낙지는 이원면 30개 어가와 직접 거래하고 있고 지금까지 식당을 운영하면서 낙지 장부를 쓰고 있을 정도다. 태안군에서 잡은 낙지는 주변에 어시장이 없어서 판로가 마땅치 않은데 이렇게 지역 음식점에서 어판장보다도 더 높은 가격으로 구매를 해주니 생산자는 더 좋은 가격에 생산물을 판매하고, 소비자는 더 저렴한 가격에 좋은 음식을 맛 볼 수 있어 일석이조가 아닌가 싶다.
또한 박은 이원면 반포청년회에서 생산한 것을 공급 받는다. 청년회에서는 박을 생산해서 고정적인 공급원이 있어 안정전인 소득을 확보할 수 있다고 한다. 최근에는 다른 농산물은 감자와 쌀도 공급하고자 노력한다고 하니 지역농산물을 사용하는 이원식당의 파급효과는 음식에도 있었지만, 지역경제에도 많은 도움을 주는 것 같다.",
204,미더유인증,보령,한식,궁중수라상,"간장게장한정식(장금이상,수라상), 약초밥상",충남 보령시 동대동 1044,041-932-0708,"서해안에서 가장 규모가 큰 대천바다를 보기위해 보령시를 방문한다면, 시내 한복판에 위치한‘궁중수라상’을 추천한다. 이곳은 지역농산물의 소비를 활성화 시키고, 소비자에게 안전한 먹거리를 제공하여 지역의 향토음식 문화를 계승시키는 충청남도 로컬푸드 인정제도 ‘미더유’ 인증을 받은 업체이다.
맛이 좋기로 유명한 100% 천수만 꽃게만을 고집하여 사철 같은 손맛으로 간장게장과 한정식으로 손님을 맞이하고 있는 이곳의 제철 인기메뉴로 단연 간장게장을 꼽을 수 있다. 궁중 수라상의 자랑은 꽃게 자체만으로도 맛이 최고이지만 무엇보다 게장의 맛을 좌우하는 것은 간장과 효소와의 궁합이라고 한다. 십여 가지 이상의 과일과 야채를 발효시켜만든 효소와 간장의 배합비율이 게장의 맛을 좌우하기 때문이란다.
항아리에 담아 저온저장 시설에서 오랫동안 숙성시킨 효소가 떫은맛과 비린맛을 없애주는 역할을 한다. 인공조미료와 향료를 사용하지 않아도 입맛이 까다롭거나 간장게장을 싫어하는 초보자들도 이곳의 간장게장의 매력에 푹 빠지게 되어 돌아 갈 때는 효소품은 명품 ‘그이랑 간장이랑’에서 판매하는 간장게장의 구매까지 이루어지게 된다고 한다.",
205,미더유인증,보령,한식,가든 터,"굴정식, 굴물회",충남 보령시 천북면 홍보로 664-7,041-641-4232,"가든 터의 인기 메뉴는 굴밥정식과 굴 물회다. 굴밥정식은 굴 물회, 굴 숙회, 굴회가 에피타이저로 제공된다. 굴의 비릿한 맛 때문에 굴을 선호하지 않는 사람들이 많고 특히 굴과 물회라는 음식이 조금 생소할 수 있는데 물회를 맛 본 순간 굴의 담백함과 국물의 시원함은 이러한 선입견은 완전히 사라지게 하였다.굴회는 레몬과 함께 제공된다. 레몬의 향이 비릿한 굴의 맛을 없애주어 외국에서는 레몬과 함께 마리네이드(Marinade)라는 요리로 만들어 먹지만 천북의 굴은 비릿한 향내가 없어 레몬즙을 뿌리지 않고 굴 자체의 맛을 느껴보길 대표는 권한다. 메인 음식인 굴밥은 달래를 곁들여 먹는데 겨울철에는 업체에서 직접 재배한 달래로 향을 더하고, 여름철에
는 원기회복에 좋은 부추로 깔끔한 맛을 더욱 끌어 올린다.
이곳 노승주 대표는 식당에 오시는 손님들이 편안하게 음식을 맛볼 기회를 주기 위해서 요즘과 같은 제철에는 식당 테이블 수만큼만 손님을 받는다. 손님들이 식사를 하는 동안에는 가게 문을 닫아 손님들이 오랫동안 굴의 깊은 맛을 느끼게 해 준다. 이렇게 하는 것이 일 하시는 종업원도 손님에게 최고의 서비스를 제공할 수 있다는 철학에서다. 이곳 업체와 2km 떨어진 천북 굴 단지에서는 매년 12월 굴 축제를 열고 있다. 겨울철 부족한 원기를 회복하고 천북의 신선하고 담백한 굴 맛을 느끼길 원한다면 이번 겨울 이곳 가든 터에 꼭 예약 후 가보길 권한다.",
206,미더유인증,공주,한식,늘푸른솔,"한식(청국장, 두부, 토종닭)",충남 공주시 사곡면 유룡리 379-1,041-841-6387,"주 메뉴가 나오기 전에 부추를 갈아서 만든 옥수수가 들어간 부침개가 나오는데 쫀듯한 맛과 식사를 하기 전에 속을 따뜻하게 만들어 식감을 자극한다. 늘푸른솔에는 직접 청국장을 띄우기에 두부전골과 시래기 퉁퉁장(청국장)을 맛보기로 하였다. 퉁퉁장은 청국장을 부르는 충청도 사투리이다. 청국장은 짜지 않고 특유의 냄새가 나지 않으며 콩의 고소함이 그대로 살아있어 맛을 보고 판매로 이어진다. 보기만 해도 군침이 도는 두부전골은 표고버섯가루와 새우젓으로 간을 하며 무, 양파, 호박, 표고버섯, 석이버섯, 꾀꼬리버섯, 떡, 만두, 두부까지 가득 들어있다.  특히 두부는 직접 재배한 콩과 동네에서 재배한 콩으로 매일 아침 신선한 두부를 만들어 두툼하며 간이 잘 배어 고소함이 느껴진다.
늘푸른솔에는 김치를 제외한 모든 반찬을 매일 아침에 직접 새로 만든다. 눈길 가는 반찬은 시래기를 양념으로 깔고 그 위에 조기를 올려 부드러운 시래기와 어우러져 담백하며 고소한 시래기 맛을 느낄 수 있었다. 상차림은 집장을 갈아 만든 된장, 어릴 적 먹었던 기억이 있는 고추튀김, 두부 두루치기, 깻잎무침등 어머니의 손맛을 그대로 느낄 수 있다. 손두부와 함께 보통 그냥 김치를 볶아서 나오는데 열무김치를 살짝 볶아 두부와 함께 싸서 먹으니 새콤하면서 감칠맛이 입을 즐겁게 만든다. 늘푸른솔의 대부분의 식재료는 6000여 평에 달하는 밭에서 직접 기른 것들이다. 그래서일까, 별반 양념이 들어가지 않은 것 같은 반찬은 정성이 가득해서 맛이 더 좋게 느껴진다. 봄냉이와 가을 냉이의 미묘한 차이 처럼 다른 나물 반찬도 특별한 농촌의 맛을 느낄 수 있다.",
207,미더유인증,보령,한식,시골돌솥쌈밥,"돌솥쌈밥, 우렁무침",충청남도 보령시 큰오랏6길 51 시골돌솥쌈밥 ,041-935-9315,"시골돌솥쌈밥집의 메뉴는 크게 돼지고기와 오리고기 중 선택할 수 있는데, 돼지고기메뉴로는 수육, 생삼겹살, 돼지갈비, 불고기를 즐길 수 있고, 오리고기는 오리수육, 오리훈제, 오리주물럭을 즐길 수가 있다. 모든 메뉴는 2인분 이상일 경우 주문이 가능하다. 시골쌈밥을 제외한 모든 메뉴에서 돌솥밥과 함께 음식을 맛볼 수가 있는데, 돌솥밥에는 찹쌀에 잡곡으로 콩, 조, 수수, 완두콩, 강낭콩, 은행, 당근 등이 함께 들어있어 찰진 찹쌀의 식감과 잡곡이 어우러져 있기에 반찬 없이 먹을 수 있을 정도로 맛이 좋다. 돌솥쌈밥을 시키면, 돼지고기 수육을 맛볼 수 있는데, 고기는 한의원에서 추천을 받은 약재와 함께 고기를 삼아내기 때문에 고기의 냄새가 덜하고 식감도 부드럽다. 오리수육은 부추무침과 함께 접시에 내오는데, 고춧가루로 버무린 부추무침이 과하게 맵지도 않으면서 입맛을 묘하게 당기는 맛이었다. 오리수육은 평상시에 접하기 흔한 메뉴는 아니므로, 시골돌솔쌈밥을 방문하시는 분들에게 한번쯤 주문해서 드셔보시기를 권한다.
시골돌솥쌈밥은 로컬푸드외식업체 인증사업 ‘미더유’의 인증업체로서 미더유사업의 취지인 지역농가와 지역경제의 상생에 큰 도움을 주는 곳이라고 할 수 있다. 반찬류 중의 몇 가지를 제외하고는 농산물을 지역의 농가와 직거래하거나 지역에서 생산된 농산물만을 사용하고 있는데, 쌈채소의 경우 한 농가와 20년간 직거래를 하고 있다. 공주시 의당면에 위치한 반디농장에서 쌈채소를 주에 2회씩 공급받고 있는데, 한번에 10~16박스를 공급받고 있기 때문에, 한 달을 기준으로 보았을 때, 한 식당에서 쌈채소를 최소 80박스에서 최대 128박스를 사용한다고 하니, 지역 농가와 지역 농업의 발전에 큰 역할을 한다고 볼 수 있다.",
208,미더유인증,공주,한식,마곡사 서울식당,"산채정식,더덕정식,산채비빔밥,버섯전골,토종닭",충청남도 공주시 사곡면 운암리 728-2 서울식당,041-841-8016,"마곡사 서울식당은 식당을 운영한지 올해로 33년째로 지역에서 난 콩과 고추로 장까지도 모두 직접 담가서 음식을 만들고 있다. 마곡사 주차장 앞이라서 마곡사의 사계절 풍경을 즐길 수 있는 이곳은 동네 분들이 직접 수확한 더덕과 산채 그리고 표고버섯, 능이까지 직접 구입해서 산채정식, 비빔밥에 사용하고 있다. 주변에 마곡사를 비롯하여 상원골 계곡, 사곡면 막걸리 등 풍부한 먹거리 즐길 거리가 있는 곳이다.",
209,미더유인증,당진,한식,고맛참,"간장게장, 한우등심, 생삼겹살",충청남도 당진시 계성3길 44-47,041-357-5665,"이곳 고맛참 식당은 당진을 대표하는 식당으로 당진에서 사육한 최상급 한우 암소생고기만을 사용하고 있다. 게장은 서해안에서나는 싱싱한 암꽃게를 직거래로 공수하고 쌀과 그외 농산물도 신선한 지역 농산물을 사용하고 있다. 지역 농산물을 사용하다 보니 계절별로 계절메뉴가 있고, 반찬의 종류도 다르다.",
210,미더유인증,금산,한식,복수청정한우,한우구이,충청남도 금산군 복수면 백암1리 516-3번지,041-751-2403,복수청정한우는 2005년도에 개업하면서 청청지역 금산에서 나고 자란 한우만을 고집하고 있습니다. 주인아저씨께서 산을 좋아하셔서 직접 채취한 산나물과 짱아찌를 손님 상에 올리고 있습니다.,
211,미더유인증,부여,한식,나경버섯농가,버섯전골,충청남도 부여군 석성면 비당리 817,041-836-0039,"저희는 자가생산품인 표고버섯을 이용한 식당이며, 인근 지역의 농산물로 퓨전사찰음식을 내고있는 버섯전문농가맛집니다. 집안의 내림음식인 시래기 동태지짐과 버섯을 이용한 다양한 요리를 전골정식이라는 단일메뉴로 운영되고 있던중 2013년 부여군 모범음식점에 선정되기도 했습니다. 100%예약제로 운영되고 있는 나경버섯농가는 식당예약이 없는 날은 하우스에 가서 버섯을 재배하거나, 밭으로 나가 농작물을 키워내고 있습니다. 신선한 재료로 푸드마일리지가 짧은 음식, 조미료 사용안하고 건강한 음식을 만들어 내기 위해서 노력하고 있습니다.",
212,미더유인증,천안,한식,우향,"김치보쌈, 한정식, 숙성한우구이",충청남도 천안시 동남구 구룡동 231-15,041-564-6769,우향식당은 1997년에 첫선을 보인 17년 전통의 토속한정식 전문점이다. 우향에서 사용하는 거의 모든 야채들은 직접 재배하거나 동네 농민들로부터 직거래로 구입되어진 것으로서 지역 농민의 상생을 아주 오래전부터 몸소 실천해온 토속음식이다. 1997년 문을 연이래로 식당 아주머니의 손맛을 맛보이기 위해 엄선된 재료만 고집하여 손님들께 선보이고 있다. 이것이 17년이란 오랜 기간동안 음식점을 유지할 수 있었던 비결이라 할 수 있다. 음식뿐만이 아니라 17년동안 손수 가꿔온 약 150여종의 희귀 야생화와 나무들이 있는 정원은 우향의 또다른 자부심이다. 이곳 식당에서는 숙성된 한우암소 구이와 김치보쌈을 맛볼 수 있으며 식당 한켠에 마련된 정원에서 다양한 식물들도 볼 수 있다.,
213,미더유인증,서천,한식,다정다반,농가밥상,충청남도 서천군 종천면 산천길 106번길 15호,041-953-9705,"다정다반은 서천군 종천면 희리산자연휴양림 초입에 위치해 있는 농가식당이다. 이 곳 식당에서는 희리산 콩부인 자연밥상, 계절밥상, 자연큰상 메뉴가 있고 음식에 필요한 농산물과 산나물 등은 주변 텃밭과 희리산에서 직접 수확하거나 직접 농사진 농산물을 사용하며, 두부에 사용하는 콩등은 마을 주민들로부터 구매하여 음식을 하고 있다.",
214,외국인편의음식점,천안,양식,발할라,"스테이크, 해산물과 생선회, 중식요리",충남 천안시 서북구 검은들1길 25,041- 567-9669,"프리미엄 패밀리 레스토랑
500여 평의 도심공원과 어울리는 최고급 인테리어와 180여 가지 의 빼어난 음식들로 사랑받고 있으며 돌, 백일, 연회, 기업행사에 필요한 영상, 음향 시스템을 갖춘 최고급 패밀리 레스토랑이다.",
215,외국인편의음식점,천안,한식,큰댁,한정식,충남 천안시 서북구 성정중4길 30,041-555-8107,"50년을 이어오고 있는 고집스러움도 대단한데 무엇보다 된장, 간장을 직접 담그는 슬로우푸드를 지향하는 전통한정식 집이어서 남다른 대접을 받는다는 기쁨도 느낄수 있다. 편안하고 깔끔한 실내에서 한정식의 깊은맛을 느낄 수 있으며 최근에는 외국인손님들이 많이 찾고있어 맛과 모양, 소스를 개발하는데 최선을 다하고 있는 집이다.",
216,외국인편의음식점,천안,한식,송연,"한정식, 자연산 송이요리",충남 천안시 동남구 양지말1길 11-4,041-568-2330,"전통의 맛을 자랑하는 궁중한정식
재료는 직접 농사를 지어 유기농으로 사용하고 있으며 된장, 고추장도 모두 직접 담그고 있다. 신선한 재료만을 사용하여 담백한 맛의 식사를 할 수 있으며 청결한 분위기와 친절한 서비스가 최고 인 집이다. 천연 조미료만을 사용하고 주변 풍경이 너무나도 아름다운 곳이다.",
217,외국인편의음식점,천안,한식,승지원,소고기 코스요리,충남 천안시 서북구 노태산로 41,041-567-7887,"맛있는 음식과 더불어 품격 있는 실,내외 분위기를 갖춘 고급 한정식으로 소고기 코스요리 전문점이다. 빼어난맛을 위해 한우암소1등급 고기와 소금, 간장, 고추, 마늘 등 국산식자재와 국내 최고의 요리재료를 엄선하여 최고의 요리사가 철마다 특별한 요리를 제공하고 있다.",
218,외국인편의음식점,천안,중식,슈엔,"피라미드 동파육, 매운갈비누룽지, 유린기",충남 천안시 서북구 성정중1길 26-2,041-588-8899,"전통 중국요리의 진수
전통 있는 중화요리와 차별화된 퓨전요리를 제공하고 있으며 피라미드 동파육은 슈엔에서만 맛볼 수 있는 고급 돼지고기 요리이다. 매콤한 양념에 재운 갈비와 누룽지가 어울린 매운갈비누룽지 는 음식평가회에서 고객들에 의해 선정된 요리이기도 하다.",
219,외국인편의음식점,천안,양식,빌라 디에스떼,"안심스테이크, 해산물스파게티",충남 천안시 서북구 한들2로 34-19 ,041-566-4433,"맛을 뛰어넘어 서비스로 보답하는 곳
르네상스 시대 이탈리아의 대표적 별장 이름을 딴 빌라 디에스떼는 아기자기한 이름처럼 이탈리아 느낌이 제대로다. 여러 종류의 파스타와 스테이크, 그리고 옛날 방식으로 화덕에서 구워 내는 피자, 이 모든 음식이 맛과 서비스, 분위기에서 하나도 밀리지 않는다.",
220,외국인편의음식점,천안,일식,모미지일식,특생선회,충남 천안시 서북구 서부대로 427,041-592- 0020,"수려한 주변경관과 싱싱한 활어회
1층과 2층이 모두 룸으로 이루어져 있으며 조용하고 한가로운 분위기에서 정통일식을 즐길 수 있다. 산지에서 직송된 활어회 만을 엄선하여 담백하고 깔끔하며 씹는 맛이 일품이다. 정갈하고 푸짐 한상차림은 한눈에 보기에도 입맛을 돋게 해주며 다시 찾고싶은 집이다.",
221,외국인편의음식점,천안,한식,녹원,"하나정식, 두나정식",충남 천안시 동남구 유량로 140 ,041-555-3531,"놋그릇의 옛스러움이 있는 곳
모든 그릇이 방자유기로 구성되어 멋스러운 한정식 음식을 더욱 돋보이게 하며 맛과 멋을 두루 갖춘 한정식집이다. 한적하고 조용한 공간에 독립적으로 마련되어 모임의 장소로 그만이다. 기본반 찬 8가지에 불고기, 보쌈, 전, 광어, 낙지찜, 생선구이, 회무침 등이 나오며 정갈하고 깔끔한 상차림을 맛볼 수 있다.",
222,외국인편의음식점,천안,한식,대명가든,"한정식, 소양념갈비, 돼지갈비",충남 천안시 동남구 구성12길 9,041-563-1234,30년 전통의 천안 맛집으로 아름답고 운치 있는 정원이 있어 음식의 맛을 더욱더 살려 준다. 고기와 한정식의 명가로 엄선된 식재료만을 사용하여 깊은 맛을 느낄 수 있다. 육즙이 부드럽고씹는 맛이 뛰어난 양념갈비는 누구나 좋아하며 IC 한정식 또한 푸짐한 상차림으로 인기가 좋다.,
223,외국인편의음식점,천안,한식,들꽃,"솔갈비, 오리훈제",충남 천안시 동남구 수련원길 110 ,041-522-0281,"이곳은 원래 오랫동안 서예 전시관으로 유명했던 공간을 리모델링해서 음식점으로 만들었기 때문에 자연과 조화를 이루는 테마음식점으로 손색이 없다. 솔갈비는 국내산 돼지고기를 재워 낸 것으로 숯불에 먼저 구운 다음, 돌판에 솔잎 을 깔고 갖은 야채와 구운 고기를 넣고 육수를 부어 끓여가며 먹는다. 이 때 16가지 천연재료 를 이용한 특제 소스와 은은한 솔잎향이 어우러 져 돼지고기의 맛이 더욱더 부드러워진다.",
224,외국인편의음식점,천안,양식,라꾸보 레스토랑,"안심스테이크, 파스타",충남 천안시 동남구 성남면 종합휴양지로 183,041-574-1500,"호수의 낭만이 물씬 풍기는 천안의 명소
천안종합휴양지에 있는 라꾸보에 들어서면 호수가 한눈에 들어 온다. 1층은 경양식식당으로 돈가스 등 가벼운식사를 할 수 있는 곳으로 가족들이 함께하기 좋은 곳이고 2층은 정통이탈리아 코스 요리레스토랑,3층은까페가있어한곳에서여러가지색다른분 위기로 주변경관과 함께 낭만을 느낄 수 있는 곳이다.",
225,외국인편의음식점,공주,한식,대가문,한정식,충남 공주시 소학길 5-3 ,041-855-6373,"고풍스러운 한옥에서 느끼는고품격 한정식
정갈하고 단아한 상차림은 제철음식을 기본으로 하여 보기만 해 도 입맛을 돌게 해주며 고풍스러운 한옥이 특징이다. 금강가에 위 치하고 있어 풍경 또한 그만인 이곳. 재래식 된장과 묵은지를 이 용한 찬과 찌개는 전통 한정식의 맛을 제대로 살려내고 있다.",
226,외국인편의음식점,공주,한식,새이학가든,"석갈비, 따로국밥, 버섯불고기",충남 공주시 금강공원길 15-2 ,041-855-7080,오래전 장터 손님들을 상대로 국밥을 말아온 전통있는 식당으로 공주에서 소문난 집이며 따로 국밥은 한우사골을 고아낸 국물에 파와 마늘을 넣어 푹 끓여 얼큰하면서도 구수한 깊은맛을 내며 국과 밥 따로 제공한다. 66년전에 공주 중동 에 이학식당으로 시작한 역사는 단백질이 부족 했던 시절 서민의 영양을 책임지던 공주의 대표 음식으로 오래전부터 자리매김 하고 있다.,
227,외국인편의음식점,공주,한식,고마나루돌쌈밥,"꽃정식, 돌쌈밥, 돌솥밥, 쌈정식",충남 공주시 백미고을길 5-9,041-857-9999,고풍스러운 인테리어는 작은 박물관을 연상시키며 30여 가지 무공해 야채에 갓 지은 돌솥밥을 쌈장과 함께 싸먹는 맛이 일품이 다. 최근에는 먹는 꽃을 이용한 꽃정식은 먹기에는 너무나 아까운 예쁜 음식으로 인기를 끌고 있다.,
228,외국인편의음식점,공주,한식,예가,"소석갈비, 소갈비전골, 돼지석갈비",충남 공주시 금벽로 535 ,041-854-7900,창가에 흐르는 금강의 잔잔한 물결을 바라보며 햇살가득 머금은 미소로 양질의 고기 맛을 즐길 수 있는 곳으로 탁월한 참나무훈제 석갈비는 자랑할 만한 먹거리이다. 뜨거운 돌판위에 구워 제공되는 석갈비는 버섯가루 등 14가지 천연 재료로 양념해 부드러운 육질과 깊은 맛을 자랑한다.,
229,외국인편의음식점,공주,한식,청운본가,"소고기특수모듬, 소꽃등심, 생삼겹살",충남 공주시 번영2로 68-23,041-881-9984,"질 좋은 국내산 한우만을 엄선, 마블링이 좋고 신선한 고기만을 사용해 감칠맛이 나며 구수한 된장찌개 맛이 일품으로 관광객들이 많이 찾고 있다. 깨끗한 분위기와 푸짐한 밑반찬을 곁들여 한우의 맛을 더욱 살려준다.",
230,외국인편의음식점,공주,한식,연기숯불갈비,"생삼겹살, 돼지갈비",충남 공주시 번영1로 80,041-856-2403,국내산최고등급의얼지않은고기만을제공하고있어신선한맛 을즐길수있으며푸짐한밑반찬에도엄선된최상의재료를아낌 없이 사용해 탁월한 맛을 자랑한다. 주인이 직접 손질하여 1인분 씩(200g) 저울에 달아 손님상에 내놓고 있어 믿고 먹을 수 있다.,
231,외국인편의음식점,공주,양식,케이프타운,"안심스테이크, 하우스돈가스, 해물스파게티",충남 공주시 금벽로 537 ,041- 857-8757,금강을 바라보며 맛과 분위기를 동시에 만족시킬 수 있어 연인과 가족들이 많이 찾고 있다. 레드와인 소스를 이용한 안심스테이크는 저온 숙성한 고기를 사용하며 더욱 깊은맛을 내주는 이 집의 대표 메뉴이며 야채와 치즈를 곁들인 수제 돈가스 또한 인기 메뉴이다.,
232,외국인편의음식점,아산,한식,여명회관 한정식,"연잎한정식, 꽃게장정식",충남 아산시 충무로8번길 16,041-534-7777,"천연재료만을 고집하는 한정식의 명가
충남 아산으로 온천욕을 즐기러 모여든 관광객들의 눈길을 끄는 원조 맛집이다. 전 연령층을 아우르는 음식을 개발, 남녀노소 누가와도 즐겁게 식사 할 수 있다. 연잎과 연근, 참마 등을 이용한 천연 재료와 30여 가지의 산야초, 한약재 등을 발효시킨 효소 등을 조미료 대신 사용하여 진정한 웰빙식으로 좋은 반응을 얻고 있다.",
233,외국인편의음식점,아산,한식,현대갈비,"생갈비, 양념갈비, 갈비탕",충남 아산시 충무로8번길 9,041-545-7880,"40년 전통 한길만 걸어온 정직한 갈비
전통과 정직을 우선으로 40년 동안 밑반찬을 직접 담가서 손님들 에게 제공하고 있으며 갈비작업도 수작업으로 직접하고 있다. 신선한 고기만을 사용해서인지 살아있는 육질의 맛을 느낄 수 있으 며 갈비탕 또한 밤새 끓여 더욱 깊은맛을 느낄 수 있다.",
234,외국인편의음식점,아산,한식,153갈비마을,"매운소갈비찜, 돼지숯불갈비, 돼지갈비전골, 소불고기, 삼겹살",충남 아산시 남산로 55,041-544- 8782,편안한 분위기 속에서 온가족이 함께 식사를 즐길 수 있다. 청결과 맛은 기본이고 새로이 개발한 매운소갈비찜은 매콤한맛과 부드러운 육질로 많은 사랑을 받고있다.,
235,외국인편의음식점,아산,한식,낙원가든,"소양념갈비, 앉은뱅이 갈비탕, 버섯생불고기",충남 아산시 음봉면 아산온천로 217-14,041-541-6866,"씨름선수도 한그릇 먹으면 일어서지 못 할 정도로 푸짐한 양과 맛 또한 일품인 앉은뱅이 갈비탕. 표고, 느타리, 팽이버섯 등 다양한 버섯류와 야채, 낙원가든 만의 비법 육수가 조화된 전골식 식사는 온천욕 후 출출해진 허기를 달래기에 그 만이다.",
236,외국인편의음식점,아산,한식,황토화로구이,"돼지갈비, 꽃등심, 육회",충남 아산시 아산로 7,041- 544-8592,"참숯으로 구워내 냄새에 먼저 반하게 되는...
선조들의 지혜가 담긴 참숯과 황토화로로 최고의 돼지갈비와 함께 나오는 음식들도 하나같이 맛깔스럽게 제공된다. 갈비에 대한 철학이 남다른집이기에 갈비의 참맛을 느껴보고 싶다면 황토화로구이를 찾으면 그만이다.",
237,외국인편의음식점,논산,한식,사랑한 소,"한우모듬, 한우모듬스페셜, 불고기",충남 논산시 시민로210번길 4,041-732-0235,"최상의 상품이 되기를 고집한 한우
무항생제 사료로 생산하는 친환경 한우 인증 농가에서 직접 구입, 유통, 판매하여 가격이 저렴하고 1등급 이상 한우(국내산)를 식육 처리기능사, 조리장이 직접 작업하여 한우의 다양한 부위를 최상 의 맛으로 즐길 수 있는 명소이다.",
238,외국인편의음식점,논산,한식,소나무한정식,"소나무한정식, 백합한정식, 국화한정식",충남 논산시 취암동 논산대로 357 ,041-735-7191,"전통한옥에서 맛보는 “임금님 수라상”
고풍스런 한옥 전경과 아늑한 실내분위기 속에서 맛깔스러운 한정식이 코스별로 제공되어 남다른 대접을 받는다는 고마움까지 생긴다. 인근에서 재배한 더덕을 애벌구이한 다음 양념을 바른 더덕구이를 비롯해 직접 개발한 양념소스에 신선한 식재료로 정성 을 다해 만든 소나무만의 한정식은 단체, 가족 등 남녀노소 모두 즐길 수 있는 별미이다.",
239,외국인편의음식점,논산,한식,돌체회관,"젓갈정식, 갈치정식",충남 논산시 관촉로3번길 13,041-732-3422,"고향집 어머니가 차려주신 듯 정성과 사랑이 담긴 한정식
국내 최대 석불(은진미륵)이 모셔져 있는 관촉사 아래에 위치한 30년 전통의 한정식 집으로 좋은 재료와 오랜 경험에서 우러나오는 독특한 비법이 토속적인 맛과 어우러져 다시 찾고 싶은 곳 이다. 무엇보다 상다리 휘어지게 나오는 반찬이 적당한 간에 맛깔스런 비주얼까지 갖추어 먹는 내내 행복함이 든다.",
240,외국인편의음식점,논산,한식,황산옥,"우어회, 생복탕, 생복찜, 메기찌개",충남 논산시 강경읍 금백로 34,041-745-4836,금강이 굽이굽이 휘감아 돌고 아래로는 부여와 논산의 너른 평야가 조화를 이루어 넉넉하고 여유있는 강변마을 나루터에 걸쳐 있는 황산옥. 옛날 부여와 강경을 오가던 황산나루에 손님들이 잠시 쉬었다 가던 주막의 자리로 금강에서 나는 민물고기와 황복을 끓인 내력이 3대에 걸쳐 85년 가까이나 전통을 이어오고 있으며 그 맛 또한 천하일품이다.,
241,외국인편의음식점,논산,한식,태능초가갈비,"한우등심, 돼지갈비",충남 논산시 중앙로 398번길 7-7,041-732-2111,20년 동안 오직 갈비와 냉면에만 정성을 다하는 지역의 대표음식점으로 쾌적한 실내 분위기와 친절하고 편안한 서비스로 정성을 다하는 곳이 다. 오랜 세월을 거치며 전통으로 이어온 과일양 념 돼지갈비는 부드럽게 씹히는 맛이 한번 먹으면 다시 찾게되는 잊을 수 없는 맛이다.,
242,외국인편의음식점,논산,한식,보은집,"갈치조림, 갈비찜, 버섯야채불고기",충남 논산시 연무읍 감바위로30번길 6,041-741-6960,"짭쪼름 밥도둑 갈치조림과 살아움직일듯 싱싱한 꽃게요리
논산의 관문인 호남고속도로 논산(연무) 톨게이트 옆에 자리 잡고있는 보은집은 어머니로부터 맛을 물려받았다는 40년 전통의 노하우를 가지고 맛과 분위기를 최우선으로 삼아 정성을 듬뿍 담는 음식점으로 정평이 나있다. 세월이 지나도 변함없는 고객서비스 제공으로 고객에게 인정받고 기억에 남을 업소이다.",
243,외국인편의음식점,논산,한식,돈가우가,"흑염소, 흑염소 전골, 흑염소 수육",충남 논산시 계백로 729,041-736-3603,"예로부터 보양식으로 널리 알려진 흑염소를 인근 농장에서 키워 항상 신선한 고기를 맛볼수 있고, 흑염소 특유의 냄새를 없애 구이, 전골, 탕, 볶음 등 남녀노소 다양하게 즐길 수 있는 음식으로 찾아주시는 모든 분들이 행복해 질 수 있는 곳이다.",
244,외국인편의음식점,계룡,한식,신도안오리,"한방해천탕, 훈제오리, 오리로스",충남 계룡시 장안로 31 (금암동) ,042-551-5292,"건강한 오리가 신선한 해산물을 만나 더 맛있어진 요리
오리의 담백함을 신선한 해산물과 접목하여 건강식으로 만들었다. 특히 땀을 많이 흘리거나 육체노동으로 체력이 떨어진 사람들에게 좋은데 단백질과 비타민이 풍부한 전복은 물론 낙지 역시 몸 에서 빠져나간 진액을 보충해주는 역할을 하기 때문이다.",
245,외국인편의음식점,계룡,한식,콩밭가인,"두부보쌈, 두부메로전골, 순두부청국장, 해물순두부",충남 계룡시 금암동 새터산길 12,042-841-6776,"매일 아침 직접 만드는 고소하고 부드러운 두부
파종에서 수확까지 최고품질의 콩을 재배농가와 직접 계약하여 공급을 받는다. 두부를 기본으로 하여 입에 착착 달라붙는 반찬 들의 토속적인 맛이 일품인 콩밭가인은 모든 식자재를 직접 만들어 요리하고 있다.",
246,외국인편의음식점,계룡,한식,예사랑막국수,"막국수, 양념족발, 쌀국수(온면)",충남 계룡시 계룡대로 263 ,042-841-9961,"쫄깃한 면발과 달콤새콤한 양념장, 야채와 과일로 육수를 만들어 상큼하고 깔끔하고 담백한 맛 의 막국수. 성인병을 예방하는 건강식품이며, 여 성피부에 좋은 미용식품이다. 또한 비만, 당뇨병 치료에 좋은 치료식품이기도 하다. 양념족발, 양 념국수는 조미료를 전혀 사용하지 않는다.",
247,외국인편의음식점,계룡,한식,회동,"전복오리해천탕, 전복삼계탕, 용누리탕",충남 계룡시 엄사면 엄사리 연화동길 19,042-841-1254,"보약 한첩 안부러운 특급 보양식
장시간 가마솥에서 우려낸 진한 육수로 보약 한첩과 진배없는 영양식으로 연구 개발한 음식들이다. 전복, 산낙지, 각종 해물과 오리의 환상적 궁합으로 최상의 보양식인데 오리는 다른 육류와 다르게 불포화지방산이 많아 <동의보감>, <본초강목>에서는 고혈압과 신경통, 동맥경화, 비만증에 좋다고 언급하기도 하였다.",
248,외국인편의음식점,계룡,한식,국사봉,한정식 코스요리,충남 계룡시 엄사면 번영8길 4-13,042-841-9440,"수라상이 부럽지 않은 한정식
산, 들, 강, 바다에서 채취한 재료들을 가지고 밥상을 채운다. 무엇보다도 좋은 식재료를 쓰는게 중요하고 여기에 요리하는 사람의 정성이 더해진다. 제철에 나온 나물과 야채들, 생선류, 그리고 보쌈 등 정갈하게 차려진 상차림이 손님들을 단번에 매료시키고 있다.",
249,외국인편의음식점,계룡,한식,신도리 한우촌,"한우고기, 곰탕, 갈비탕",충남 계룡시 엄사면 번영11길 4-57,042-841-5060,"토종한우 생고기만을 고집하는 한우촌
향적산오르는 길목에 위치한 신도리한우촌은 안심 할 수 있는 신선한육질의 한우를 비교적 저렴한 가격으로 마음껏 즐길 수 있는 곳이다. 지방 등 각종 부산물을 말끔히 제거한 후 정갈스럽게 나 오는 갈비나 등심, 안창 등은 그냥 생으로 먹고싶은 충동이 일정도로 신선하다.",
250,외국인편의음식점,계룡,한식,토담,"토담정식, 한방백숙, 오리훈제",충남 계룡시 엄사면 번영11길 25 ,042-841-0330,분재와 야생화가 잘 어우러진 수려한 주변 경관과 계단옆으로 잘 꾸며진 나무와 꽃들이 주인의 정성을 돋보이게 하는 집이다. 이 집의 주메뉴인 오리는 고단백 영양식품으로 육질이 연하여 먹기에 좋고 외국인에게도 인기가 높은 건강식으 로 손꼽힌다.,
251,외국인편의음식점,금산,한식,인삼장어 백탄구이,"인삼장어(양념, 소금)구이, 갈치조림, 능이버섯전골, 제주도삼겹살",충남 금산군 금산읍 군청3길 7,041-751-0323,"국내산 백탄에 구은 장어와 인삼의 만남
불포화지방산과 단백질이 풍부하기로 잘 알려진 장어는 지친 현대인들에게 필요한 대표적인 보양식으로 인심 좋은 주인의 깊은 손 맛이 더해져 그 맛을 더한다. 외국인 편의음식점으로 초벌구이한 장어를 백탄에 다시구워 인삼과 쌈싸먹는데 그 맛이 아주 담백하고 백탄에서 구워지는 동안 기름이 싹 제거되기에 많은 양을 먹어도 느끼하지 않다.",
252,외국인편의음식점,금산,한식,대원숯불구이,"전복삼계탕, 한우꽃등심, 양념돼지갈비, 버섯전골",충남 금산군 금산읍 비단로 167,041-751-9292,참숯구이와 더불어 인삼 약초에 전복을 첨가한 전복삼계탕은 우리나라 전통의 보양식으로 특히 남자들의 원기회복에 탁월한 음식으로 소문이 자자한 음식이다. 주변 인삼시장 구경도 재미 있는 볼거리를 제공한다.,
253,외국인편의음식점,금산,한식,조무락,"인삼한정식, 홍삼신선로, 인삼샐러드",충남 금산군 금산읍 비범1길 26 ,041-752- 5656,"인삼한정식에 반하다!
최고의 재료를 가지고 손님을 위해 최선을 다한다는 마음으로 항상 즉석으로 음식을 준비하고 있으며, 지역의 특성을 살려 금산에서만 맛 볼 수 있는 인삼한정식은 이집만의 별미이다. 화학조미료 를 사용하지 않고 효소를 이용하여 요리를 한다. 특제 인삼 한정식을 맛보려면 예약은 필수라고 한다.",
254,외국인편의음식점,부여,한식,구드래돌쌈밥,"돌쌈정식, 야채불고기",충남 부여군 부여읍 나루터로 31,041-836-9259,"신선한 채소와 돌솥밥이 어우러진 최고의 맛
돌솥밥은 예로부터 기운을 돋우는 영양음식으로 손꼽혔다. 신선하고 정갈한 재료로 농촌에서 쉽게 구할 수 있는 다양한 식자재를 바탕으로 먹는이의 미각을 흡족하게 만든다. 순수한 재래식 재료 만을 사용해서 허약해진 건강을 회복하는 건강음식들이 준비되어 있는데 신선한 채소와 편육 그리고 돌솥밥이 어우러진 돌쌈밥의 맛은 가히 천하일품이다.",
255,외국인편의음식점,부여,한식,백제의집,"연잎밥, 소부리연잎밥, 소부리연정식, 오리 연잎밥",충남 부여군 부여읍 성왕로 248,041-834-1212,연잎밥은 예전부터 사찰음식으로 널리 알려져 왔다. 요즘은 현대인의 웰빙 음식으로 주목받고 있으며 영양만점 한 끼 식사로도 아주 좋다. 연잎밥은 철분과 비타민이 많이 들어있어 피로회복과 노화방지에 탁월하다고 하며 여러가지고 명을 넣고 찰밥을 연잎에 싸서 찌어낸 음식으로 그 정성만으로도 최고의 향토음식이다.,
256,외국인편의음식점,부여,한식,하늘채,"약선한정식, 약선송이밥, 백련냉채",충남 부여군 부여읍 계백로 397,041-834-2227,"백제의 맛과 향 ! 약선정식으로 환생하다!
백제인삼을 주재료로 하고 부여굿뜨래 8미(밤, 양송이, 표고, 방울 토마토) 등의 지역특산물을 활용하여 만든 건강식 약선정식이다. 약선송이밥, 백련냉채, 마연찹쌀구이, 연잎떡갈비, 산야초삼합 등 백제의 맛과 향을 현대에 맞게 살려낸 요리로 천하일품이다. 향토 특색음식 경연대회에서 대상을 수상한 경력이 있다.",
257,외국인편의음식점,부여,양식,솔내음레스토랑,"솔내음정식, 안심스테이크, 크림파스타",충남 부여군 부여읍 나루터로 39 ,041-836-0116,천 그루의 소나무로 지은 통나무집이란 특색을 알리기 위해 솔내음의 건축과정을 사진과 함께 설명을 곁들어 자세히 보여주고 있는 레스토랑 으로 편안한 분위기 속에서 온가족이 함께 식사 를 즐길 수 있는 곳이다. 우리 고유의 전통건축 양식과 통나무집을 접목시킨 솔내음은 부담 없 이 즐길 수 있는 양식요리를 선보이고 있으며 2층에 라이브 무대를 설치하여 저녁시간이면 통 기타 가수들의 노래와 색소폰 라이브연주도 즐 길수있다.,
258,외국인편의음식점,부여,일식,남태평양회타운,"광어, 도미, 우럭, 농어, 대구 뽈탕, 매운탕",충남 부여군 부여읍 성왕로 160-38 ,041-836-7221,금방이라도 바다로 뛰어들듯 싱싱한 활어는 단골고객들로부터 꾸준한 사랑을 받고 있다. 너무 푸짐하고 저렴하여 회를 좋아하는 사람들 사이에 입소문이 자자하다. 다양한 종류의 밑반찬 때문에 회를 잘못드시는 아이나 어른들에게도 충분히 어필을 할 수 있는 부여의 대표 맛집이다.,
259,외국인편의음식점,부여,한식,나루터식당,"나루터정식, 장어구이, 매운탕",충남 부여군 부여읍 나루터로 37,041-834-6622,"41년 전통의 맛집 장어구이가 일품인 나루터
부여의 명소 낙화암 아래 자리 잡고 있는 장어구이·매운탕 전문점이다. 2대째이어온 장수맛집으로 부여를 찾는 단체관광객들은 꼭 이곳을 지나기 때문에 언제나 자리가 꽉 찬다. 장어는 직접 불판에 구워 1인분씩 내주는데 다먹을때까지 식지않아 끝까지 맛있게 먹을 수 있으며 매운탕도 토속적이면서 깊은 맛이 일품이다.",
260,외국인편의음식점,부여,한식,향우정,"불고기정식, 갈비찜정식, 연잎밥",충남 부여군 부여읍 나루터로 33 ,041-835-0085,"백마강 구드래 조각공원의 입구에 위치하고 있으며 백제의 향기를 물씬 풍기는 향우정. 음식의 맛이란, 재료 고유의 특성을 살리는데 있으며 그 특성을 정직하게 지키며 요리한다는 철학을 지닌 식당이다. 부여에서 생산되는 쌀과 각종 산나물로 반찬을 만들고 있으며 한우 암소만을 사용하여 어머님의 옛 손맛을 그대로 느낄 수 있다.",
261,외국인편의음식점,부여,한식,구드래황토정,"한우암소구이, 찜갈비, 꽃등심, 살치살",충남 부여군 규암면 백제문로 30,041-834-6263,"참숯으로 구워먹는 고소한 한우의 맛!
백마강변에 넓고 웅장한 전통한옥 황토정은 최상의 육질을 자랑하는 1등급 이상의 한우암소만을 선별하여 저온숙성시킨 부여의 대표 한우명가이다. 부드러운 곳만 따로 골라낸 꽃등심은 고소한 한우암소의 깊은 감칠맛이 살아 있으며 입안에서 부드럽게 녹는 그 맛은 일품이다.",
262,외국인편의음식점,부여,한식,메밀꽃필무렵,"메밀막국수, 메밀묵밥, 닭백숙",충남 부여군 부여읍 북포로 98,041-837-0806,"메밀꽃 필 무렵에서 먹은 연잎밥과 메밀국수의 깔끔하고 시원한 맛은 색다름을 느끼기에 충분하다. 특히 조미료를 넣지 않은 나물이 정말 맛있는 집이다. 한옥과 함께 아담한 담, 그리고 초원위에 놓인 듯한 풍경이 그림과도 같은 곳이다.",
263,외국인편의음식점,홍성,한식,만섬,"한정식, 한우구이",충남 홍성읍 내포리 251길 26,041-634-6430,"만섬은 꽃과 바람과 새들, 그리고 아름다운 사람들이 휴식하고 재충전 할 수 있는 편안한 공간이다. 신선한 식재료와 제철음식을 선보이는 홍성 최고의 맛집으로 한우생고기 한정식 전문식당이다. 엄선된 한우고기만을 제공하며 푸짐하고 깔끔한 상차림은 홍성여행의 즐거움을 더한다.",
264,외국인편의음식점,홍성,한식,예당큰집,"한정식 사또상, 한정식 왕비상, 한정식 수라상",충남 홍성군 장곡면 무한로 957-18,041-642-3833,"한국전통의맛과멋이살아있는곳
예당큰집은 조선 정조 말에 고을원님이 살았던 고택이라고 한다. 이 한옥을 보수공사를 통해 지금의 모습을 갖추게 되었다. 요리에 사용되는 모든 야채는 직접 재배하고 조미료는 전혀 쓰지 않는다. 닭과 돼지 등도 직접 기른것으로 사용해 우리 전통의 한정식을 제대로 맛볼 수 있다.",
265,외국인편의음식점,홍성,한식,산울림,"가마솥 손두부, 두부보쌈, 두부전골",충남 홍성군 홍북면 이응노로 255,041-633-9601,"수려한 주변 경관을 배경으로 조용한 분위기에서 식사를 할 수 있는 곳이다. 두부요리 전문식당 으로 용봉산 입구에 위치하고 있다. 산울림을 찾으면 각종 두부요리와 구수한 우리차, 우리술을 맛볼 수 있으며 또한 두부만들기를 체험 할 수 있다. 100% 우리콩으로 옛 전통가마솥에 끓여 만들어 두부의 구수한맛을 제대로 느낄 수 있다.",
266,외국인편의음식점,홍성,일식,송정일식,"송정스페셜, 참치스페셜",충남 홍성군 홍성읍 홍덕서로 24-20,041-631-6944,"싱싱하고 맛깔스러운 정통일식요리
산지에서 직송되는 활어는 항상 최상품으로 신선함을 잃지 않고 있으며 일본전통 방식과 퓨전요리를 겸비하고 있다. 무엇보다 친절한 서비스가 일품이며 항상 손님들의 발길이 끊이지 않고 있다.",
267,외국인편의음식점,홍성,한식,한우본,한우 생등심 정식,충남 홍성군 홍성읍 문화로72번길 29,041-634-2292,100% 국내산 한우만을 이용하여 먹기 직전 바로 바로 요리해내는 한우 한정식집이다. 고기 와 같이 나오는 상차림 또한 깔끔하고 정갈하여 보기만 해도 입가에 미소가 번질정도. 고기 냄새가 없고 육질이 부드러워 다른곳에서 경험 해 보지 못한 새로운 맛의 세계에 빠져들게 될 것이다.,
268,외국인편의음식점,홍성,한식,한우마을,"생갈비, 생등심",충남 홍성군 홍성읍 내포로156 번길 36,041-631-8892,"최고 등급만이 낼수있는 육질을 자랑하는 한우갈비의 진수
한우는 여러 등급으로 구별되는데 시중에서 1등급, 2등급, 3등급 등을 사용하는 다른집들과는 달리 이집은 1+, 1++의 최고급 한우 암소만을 엄선하여 사용하며 육질이 부드럽고 씹는 맛이 일품 이다.",
269,외국인편의음식점,홍성,한식,홍성한우프라자,"홍성한우 불고기, 육회비빔밥, 갈비탕",충남 홍성군 홍북면 용봉산 2길 10,041-631-5878,"맛을 뛰어넘는 서비스로 보답하는 곳
전국의 등산 애호가들이 몰려드는 용봉산. 바로 그 밑자락에 위치한 이곳은 한우를 직접 살 수 있는 판매점과 맛을 볼수 있는 식당이 한자리에 마련되 있다. 등심, 생갈비, 육회, 특수부위는 기본이 고 곰탕과 불고기까지 맛이 좋기로 유명한 집이다. 천혜의 자연 환경에서 나오는 오염되지 않은 깨끗한 지하수와 생산에서 사육까지 동일한 사육 방법, 그리고 출하에서 유통까지 안정성을 확보 하는 점이 인기비결이다.",
270,외국인편의음식점,홍성,한식,서부농협 홍성한우전문식당,"꽃등심, 불고기전골",충남 홍성군 서부면 서부로 777,041-633-8553,"최상등급 한우의 참맛을 그대로 살려낸 한우전문점
홍성한우는 홍성군에서 추진하는 대표브랜드로 브랜드사업단에서 생산되는 우수한 품질의 한우만을 선별하여(1등급, 1+, 1++) 소비자에게 최고 육질의 소고기를 제공하고 있으며 무항생제 인 증점이다.",
271,외국인편의음식점,홍성,한식,마중,"모듬버섯샤브, 영양돌솥밥",충남 홍성군 홍성읍 조양로143번길 25,041-631-4560,"건강을 먼저 생각한 풍성한 버섯 샤브샤브
정갈하고 맛깔스런 한정식을 코스로 내는 마중은 시원하고 담백 한 육수에 신선한 버섯과 소고기가 소스와 함께 어우러져 독특한 감칠맛을 느낄 수 있다. 그리고 영양돌솥밥을 곁들여 건강까지 돌 볼 수 있는 진정한 참살이 식단이다.
",
